"from","to"
"W1512096531","W1498339752"
"W113511247","W1498339752"
"W4211222200","W1498339752"
"W2124751389","W2123295839"
"W2128106636","W2123295839"
"W2137029365","W2123295839"
"W67332667","W1498339752"
"W2132575282","W2123295839"
"W1595106591","W2123295839"
"W414482142","W1498339752"
"W2103146267","W2123295839"
"W2970785670","W1498339752"
"W2102968466","W2123295839"
"W2168659096","W2123295839"
"W2173132378","W2123295839"
"W2792378751","W2123295839"
"W1543446303","W1498339752"
"W2137488413","W2123295839"
"W2323922183","W2123295839"
"W3125647857","W2123295839"
"W2108361872","W1498339752"
"W2131244513","W2123295839"
"W2883678596","W2123295839"
"W656577657","W1498339752"
"W2369742958","W1498339752"
"W1505483790","W2123295839"
"W2112557327","W2123295839"
"W2132488280","W2123295839"
"W2308341436","W2123295839"
"W3199505005","W2123295839"
"W2121692752","W1498339752"
"W3176626547","W2123295839"
"W2152800221","W1498339752"
"W2123382376","W1498339752"
"W2093935162","W1498339752"
"W2111300691","W1498339752"
"W2782649466","W1989435151"
"W2767059180","W2123295839"
"W1858975100","W2123295839"
"W1529705691","W1498339752"
"W2756230309","W2123295839"
"W2166835535","W1498339752"
"W2166835535","W2123295839"
"W1970174000","W1498339752"
"W3000859198","W2123295839"
"W2004626679","W2123295839"
"W2110259258","W1498339752"
"W2095653578","W1498339752"
"W2138612631","W2123295839"
"W2204621010","W1498339752"
"W2123702190","W2123295839"
"W2053862697","W1498339752"
"W2114341457","W1498339752"
"W2552189168","W1498339752"
"W3144808044","W2123295839"
"W4211086993","W2123295839"
"W1996702602","W2123295839"
"W616848348","W2123295839"
"W2121993559","W2123295839"
"W2133984843","W1498339752"
"W2055873405","W1498339752"
"W2744228948","W1989435151"
"W2061483533","W1498339752"
"W2078194049","W1989435151"
"W2080289065","W2123295839"
"W1910264740","W1498339752"
"W2152457699","W1498339752"
"W2962972034","W2123295839"
"W4211221081","W2123295839"
"W2161137245","W1498339752"
"W2116869786","W2123295839"
"W2165620557","W2123295839"
"W2167927179","W2123295839"
"W2561427996","W2123295839"
"W1999057994","W2123295839"
"W2118775452","W2123295839"
"W1975057506","W2123295839"
"W1949165848","W2123295839"
"W131471883","W2123295839"
"W1962095932","W2123295839"
"W1523850678","W2123295839"
"W1547177775","W1498339752"
"W633636783","W1498339752"
"W2166223025","W1498339752"
"W2883729868","W1498339752"
"W2077809598","W1498339752"
"W2116187624","W2123295839"
"W2051666127","W1498339752"
"W2154580852","W1498339752"
"W2017753398","W1498339752"
"W2083199857","W1498339752"
"W4210991290","W1989435151"
"W1973196462","W1498339752"
"W3045551499","W2123295839"
"W2162011210","W2123295839"
"W2380521386","W1498339752"
"W1974292717","W1498339752"
"W1976000116","W1498339752"
"W2900336955","W1498339752"
"W2900336955","W2123295839"
"W2111709045","W2123295839"
"W4232181880","W1498339752"
"W2102074975","W1498339752"
"W2088474625","W2123295839"
"W2078394215","W1498339752"
"W2144695856","W1989435151"
"W2551085549","W1498339752"
"W2461229035","W1498339752"
"W2017019354","W1498339752"
"W3034108861","W2123295839"
"W2792594340","W2123295839"
"W2093318324","W1498339752"
"W2799441773","W1989435151"
"W2326755378","W2123295839"
"W1498694128","W1498339752"
"W2036999860","W1498339752"
"W2132645007","W2123295839"
"W3183527329","W2123295839"
"W2136219373","W1498339752"
"W2130355628","W1498339752"
"W2321271475","W1498339752"
"W1864992357","W2123295839"
"W2017450497","W2123295839"
"W2146093036","W2123295839"
"W2966844214","W2123295839"
"W2088396682","W2123295839"
"W2105796861","W1498339752"
"W1847953270","W2123295839"
"W2485373243","W1498339752"
"W2116913953","W1498339752"
"W2626667707","W1498339752"
"W2334553580","W2123295839"
"W1972907137","W2123295839"
"W2255614555","W1989435151"
"W4248360267","W1989435151"
"W2145536413","W1498339752"
"W2161324583","W1498339752"
"W2183020242","W2123295839"
"W2579964513","W1989435151"
"W2062687676","W1498339752"
"W2892513450","W2123295839"
"W2955417730","W2123295839"
"W2575305092","W1989435151"
"W2154370119","W1498339752"
"W1778982737","W1498339752"
"W1988775947","W2123295839"
"W2744170396","W1498339752"
"W2005153658","W1498339752"
"W128758652","W2123295839"
"W1492062482","W1498339752"
"W2106796630","W1498339752"
"W4289886381","W1498339752"
"W1930711033","W2123295839"
"W2623030500","W2123295839"
"W1976878103","W1498339752"
"W2789399430","W1498339752"
"W618576358","W1498339752"
"W1550115494","W2123295839"
"W2085201203","W1498339752"
"W2085201203","W2123295839"
"W2103918491","W1498339752"
"W2809133613","W2123295839"
"W2051126081","W1498339752"
"W3124221578","W2123295839"
"W2064953113","W1989435151"
"W3121450275","W2123295839"
"W2498209614","W1498339752"
"W2618185485","W2123295839"
"W2945862047","W1989435151"
"W1963811564","W1498339752"
"W2401442691","W1498339752"
"W2519334354","W2123295839"
"W2979940622","W2123295839"
"W2153617192","W1498339752"
"W2342486800","W1498339752"
"W2048136616","W1989435151"
"W2211458850","W1498339752"
"W2119702890","W1498339752"
"W2958262822","W1989435151"
"W2993628320","W1498339752"
"W2112589541","W1498339752"
"W2709919805","W2123295839"
"W2027451447","W1498339752"
"W3135593016","W2919820997"
"W2122826659","W1498339752"
"W4249229434","W2884459365"
"W2141976840","W1498339752"
"W2165038751","W1498339752"
"W3147394217","W1498339752"
"W2137670068","W1498339752"
"W2012374070","W1498339752"
"W2001410560","W2123295839"
"W2026162196","W1498339752"
"W2026162196","W2123295839"
"W3125955911","W1498339752"
"W2313271385","W1989435151"
"W2117492160","W1498339752"
"W2117278170","W1498339752"
"W2486151938","W1498339752"
"W2163226859","W2123295839"
"W4205861050","W1498339752"
"W1634273339","W2123295839"
"W2586101969","W2123295839"
"W2794911434","W2123295839"
"W2136682973","W1498339752"
"W2202149807","W1498339752"
"W1548680319","W1498339752"
"W1971472138","W1498339752"
"W2309959022","W2123295839"
"W2898501589","W1498339752"
"W2075001381","W2123295839"
"W2916240972","W2123295839"
"W4205148905","W2123295839"
"W1965358114","W2123295839"
"W2077712191","W1498339752"
"W2523214040","W1989435151"
"W2074773620","W1498339752"
"W2770628969","W1498339752"
"W2055391325","W1498339752"
"W2807250551","W1498339752"
"W2807250551","W2884459365"
"W2787004625","W1498339752"
"W2941417195","W2884459365"
"W2133718021","W2123295839"
"W2170601905","W2123295839"
"W2035643034","W2123295839"
"W1998803633","W1498339752"
"W2088929475","W1498339752"
"W2145136565","W2123295839"
"W3023341491","W2123295839"
"W1997964082","W1498339752"
"W2129788799","W1498339752"
"W2990632962","W2123295839"
"W2103797786","W1498339752"
"W1984882863","W1498339752"
"W4297898068","W1498339752"
"W2034385521","W1498339752"
"W2143451041","W1498339752"
"W1988662912","W1498339752"
"W2126591835","W2123295839"
"W4255383610","W1498339752"
"W2116826300","W1498339752"
"W2155989908","W1498339752"
"W2167244588","W1498339752"
"W2323231283","W2123295839"
"W2886938974","W2123295839"
"W2946670719","W1989435151"
"W2008458646","W1498339752"
"W2084674187","W1498339752"
"W2167593235","W1498339752"
"W1745022078","W2123295839"
"W2933591519","W1989435151"
"W1996376645","W1498339752"
"W2098025600","W1498339752"
"W3206308820","W2123295839"
"W2040045996","W1498339752"
"W2948015751","W1498339752"
"W3021534893","W1498339752"
"W4211255204","W1498339752"
"W4211255204","W2123295839"
"W2016465165","W1498339752"
"W2024133319","W1498339752"
"W2898755344","W1498339752"
"W3200958732","W1498339752"
"W2068665279","W1498339752"
"W3024937067","W1498339752"
"W2003109948","W1498339752"
"W2344895078","W2123295839"
"W903690309","W1989435151"
"W2891618394","W1498339752"
"W2100846817","W1498339752"
"W4256432734","W1498339752"
"W2004404974","W1498339752"
"W1974429583","W2123295839"
"W2099036753","W1989435151"
"W2129508844","W1498339752"
"W2098913055","W1498339752"
"W2112017886","W1498339752"
"W2134132871","W1498339752"
"W3003661537","W2919820997"
"W3036887186","W2123295839"
"W2142287090","W1498339752"
"W2623752926","W1498339752"
"W2772511918","W1498339752"
"W432641530","W1498339752"
"W1805461049","W1498339752"
"W1982760416","W1498339752"
"W2584345156","W1498339752"
"W4382753962","W2123295839"
"W1910751509","W1498339752"
"W2136145071","W1498339752"
"W2572825994","W1498339752"
"W3003722237","W2123295839"
"W1538021567","W2123295839"
"W2009094546","W1498339752"
"W2085963187","W1498339752"
"W2030171464","W2123295839"
"W2042310879","W1498339752"
"W2106182603","W1498339752"
"W2478303139","W1498339752"
"W2735116835","W1498339752"
"W2735116835","W2123295839"
"W2998889486","W1989435151"
"W2027579577","W2123295839"
"W2141275802","W2123295839"
"W2488224561","W1498339752"
"W1926477254","W1498339752"
"W2004377770","W1989435151"
"W2004377770","W2123295839"
"W2795707226","W2123295839"
"W2895640244","W2123295839"
"W998382028","W2123295839"
"W1562040073","W1498339752"
"W2026795486","W1498339752"
"W2789317946","W1498339752"
"W2316746415","W1498339752"
"W2754632833","W2123295839"
"W2791975766","W2123295839"
"W4221033729","W2123295839"
"W609121941","W2123295839"
"W2021076918","W1498339752"
"W2116674836","W1498339752"
"W2626832970","W1498339752"
"W2626832970","W2123295839"
"W2779444341","W2123295839"
"W1589544962","W1498339752"
"W1984652092","W1989435151"
"W2052704329","W1498339752"
"W2141102386","W1498339752"
"W2488341576","W1498339752"
"W2602166444","W2123295839"
"W4213158647","W1498339752"
"W2015256920","W2123295839"
"W2097705129","W1498339752"
"W2100811157","W1498339752"
"W2122286793","W1498339752"
"W4382560490","W2123295839"
"W4382560490","W2884459365"
"W1545677660","W1498339752"
"W3035799387","W1498339752"
"W153271054","W2123295839"
"W1578273113","W1498339752"
"W2085623589","W1498339752"
"W2162359144","W2123295839"
"W2460745556","W1498339752"
"W2737957293","W1989435151"
"W1522104373","W1498339752"
"W2124543983","W1498339752"
"W3169064779","W1498339752"
"W2115949237","W1989435151"
"W2166769076","W2123295839"
"W2598384301","W2123295839"
"W2966094026","W2123295839"
"W2029719047","W1498339752"
"W2410023785","W1498339752"
"W2997982172","W2123295839"
"W2603301784","W1498339752"
"W2883733001","W1989435151"
"W2914440869","W2123295839"
"W4214908154","W1498339752"
"W4214908154","W2884459365"
"W1587563010","W1498339752"
"W2108460968","W1498339752"
"W2141474657","W2123295839"
"W2288577904","W1498339752"
"W2606849770","W2123295839"
"W1972454809","W1498339752"
"W2081094430","W1498339752"
"W2110071203","W1498339752"
"W2756199168","W2123295839"
"W2806304412","W1498339752"
"W3010565227","W1498339752"
"W2288688419","W1498339752"
"W3033864133","W1498339752"
"W3087681515","W2884459365"
"W3123962425","W1498339752"
"W3125571891","W2123295839"
"W3172311851","W2123295839"
"W4293834420","W2919820997"
"W2098451671","W1498339752"
"W2116528953","W1498339752"
"W2755387762","W2123295839"
"W1556040152","W2123295839"
"W2157731402","W1498339752"
"W2312162673","W2123295839"
"W2894369700","W2123295839"
"W2989853876","W1498339752"
"W3017843910","W1989435151"
"W4220936985","W2123295839"
"W583728386","W2123295839"
"W1998119154","W1498339752"
"W2152597459","W2123295839"
"W2242731303","W1498339752"
"W2913571149","W1498339752"
"W1808106380","W1498339752"
"W1877258039","W1498339752"
"W2808111014","W2123295839"
"W2901504978","W1498339752"
"W2901504978","W2123295839"
"W3030302561","W2884459365"
"W2151232634","W1498339752"
"W2167749165","W1498339752"
"W2949154635","W1498339752"
"W2949154635","W2884459365"
"W3130588862","W1498339752"
"W3130588862","W2884459365"
"W1966355333","W1498339752"
"W2328883463","W2123295839"
"W3125277454","W1498339752"
"W4220697421","W2884459365"
"W4366716980","W2919820997"
"W2139263716","W2123295839"
"W2155507143","W1498339752"
"W2522064609","W1498339752"
"W2961538727","W1498339752"
"W2035517204","W1498339752"
"W2094957367","W2123295839"
"W2327747669","W1498339752"
"W2965249174","W1498339752"
"W2970288983","W1989435151"
"W2006571444","W1498339752"
"W2501804015","W1498339752"
"W2559450500","W1498339752"
"W4211144239","W1498339752"
"W4224297815","W2123295839"
"W1965740148","W2123295839"
"W2277178354","W1498339752"
"W3019791053","W1498339752"
"W3121926709","W2123295839"
"W4211098369","W1989435151"
"W4405154241","W1989435151"
"W4405154241","W2919820997"
"W1985453807","W2123295839"
"W3034299837","W2123295839"
"W2003533870","W1498339752"
"W2507786927","W2123295839"
"W2740813300","W1498339752"
"W3174779202","W2884459365"
"W1486097504","W1498339752"
"W2064450254","W1498339752"
"W90504827","W1498339752"
"W2792034734","W1498339752"
"W3091820714","W1989435151"
"W3197791267","W2884459365"
"W3206012450","W2919820997"
"W3023663380","W1498339752"
"W3087582676","W1989435151"
"W2035420383","W1498339752"
"W2604857694","W2123295839"
"W2755877570","W2123295839"
"W3036973397","W1989435151"
"W2019641651","W1498339752"
"W2618152713","W1498339752"
"W2787122260","W1498339752"
"W2787122260","W2123295839"
"W3135817741","W1498339752"
"W2150022889","W1498339752"
"W2491588292","W1498339752"
"W2738997865","W1498339752"
"W38904342","W1498339752"
"W1985994470","W1498339752"
"W2143072837","W2123295839"
"W2242134637","W1498339752"
"W2340850273","W1498339752"
"W2647837315","W1989435151"
"W2740973616","W1498339752"
"W2758356112","W1498339752"
"W2916909954","W2123295839"
"W2982212970","W1989435151"
"W2154195314","W1498339752"
"W2564205460","W1498339752"
"W2792367000","W1498339752"
"W2955091974","W1498339752"
"W4210976918","W1498339752"
"W1999041560","W1498339752"
"W2157964438","W2123295839"
"W2952261043","W2123295839"
"W2964853525","W1498339752"
"W2883799267","W2123295839"
"W2889004161","W1498339752"
"W3008036423","W2123295839"
"W3128323057","W1989435151"
"W1966272755","W2123295839"
"W2140029853","W2123295839"
"W2327481364","W1498339752"
"W2461654425","W1498339752"
"W2954036270","W2884459365"
"W4223568448","W1989435151"
"W4223568448","W2919820997"
"W2140407664","W1498339752"
"W2991692509","W2123295839"
"W3107857758","W1498339752"
"W1585225012","W1989435151"
"W1978295711","W1498339752"
"W2027243619","W1498339752"
"W2075453022","W1498339752"
"W2131017513","W2123295839"
"W2476685034","W1498339752"
"W2892527597","W2123295839"
"W3124715855","W1498339752"
"W3169989895","W1989435151"
"W2058361584","W1498339752"
"W4200100287","W2123295839"
"W129051264","W2123295839"
"W1481952171","W2123295839"
"W2415971765","W2123295839"
"W3101934104","W2919820997"
"W3209813241","W2884459365"
"W4211019532","W1498339752"
"W2431440494","W1498339752"
"W2744576735","W1498339752"
"W2910672609","W2123295839"
"W4200331530","W2884459365"
"W2232285999","W1498339752"
"W2741529895","W2123295839"
"W2772437357","W1498339752"
"W2897738685","W1498339752"
"W3151024757","W1498339752"
"W3208589255","W1989435151"
"W4393062024","W1989435151"
"W2944315187","W1498339752"
"W2996913205","W2884459365"
"W3141234869","W2919820997"
"W3154722533","W2884459365"
"W68407739","W1498339752"
"W1537548765","W1498339752"
"W2545044058","W1498339752"
"W2592788498","W2123295839"
"W2743326384","W1498339752"
"W2977839676","W1498339752"
"W2983267386","W1498339752"
"W2167510804","W1498339752"
"W2894823999","W1498339752"
"W3135155422","W2123295839"
"W3159496134","W2123295839"
"W3200893370","W2123295839"
"W4386823231","W2123295839"
"W94427023","W1498339752"
"W2755064113","W1498339752"
"W3010793706","W2123295839"
"W3045755055","W1498339752"
"W3045755055","W2884459365"
"W4213261070","W1498339752"
"W2478129369","W1498339752"
"W2485264129","W1498339752"
"W847971368","W2123295839"
"W1971897675","W1498339752"
"W2107366001","W1989435151"
"W2547666904","W2123295839"
"W2778050906","W2123295839"
"W2918002671","W1498339752"
"W3113844757","W2919820997"
"W4211253557","W1498339752"
"W4282582090","W2919820997"
"W4289812278","W2123295839"
"W1967996603","W2123295839"
"W2793565747","W2123295839"
"W4211030124","W1989435151"
"W4384153884","W1989435151"
"W1136000081","W1498339752"
"W2027321346","W1498339752"
"W2160349412","W1498339752"
"W2488920462","W1498339752"
"W2884535399","W1498339752"
"W2947264546","W1498339752"
"W4296626306","W1498339752"
"W4384695853","W1498339752"
"W4390412321","W1989435151"
"W1604863380","W1498339752"
"W2106095116","W1498339752"
"W2496744023","W1989435151"
"W2582205772","W1498339752"
"W2800247053","W1989435151"
"W2902789388","W2123295839"
"W3098765457","W2884459365"
"W4372294821","W2884459365"
"W4386448698","W2123295839"
"W4386448698","W2919820997"
"W2039835207","W2123295839"
"W2481362451","W1498339752"
"W3171537980","W1498339752"
"W4238590490","W1498339752"
"W4397002403","W2884459365"
"W3097293551","W2884459365"
"W3165636359","W1989435151"
"W2067018025","W1498339752"
"W2337918744","W1498339752"
"W2805682225","W2123295839"
"W2909016299","W1989435151"
"W2932242714","W2123295839"
"W2959969974","W1498339752"
"W4313288112","W2919820997"
"W2501579863","W1498339752"
"W2901036267","W1498339752"
"W3006550788","W1498339752"
"W2345652134","W2123295839"
"W2498518890","W1498339752"
"W2955921539","W2123295839"
"W3112238859","W1498339752"
"W4250529100","W1498339752"
"W4388229645","W2123295839"
"W608041120","W2123295839"
"W3083870383","W1498339752"
"W4293766927","W2919820997"
"W4361275997","W1498339752"
"W2745487382","W1498339752"
"W3207922332","W1498339752"
"W2327753086","W1498339752"
"W2780524590","W1498339752"
"W3029927327","W1498339752"
"W4206815009","W1989435151"
"W4392749162","W2123295839"
"W3000513577","W1498339752"
"W3135978236","W2919820997"
"W3199332379","W2884459365"
"W4366548492","W2884459365"
"W4403742550","W2884459365"
"W2990655773","W2884459365"
"W2611065955","W2884459365"
"W4224292151","W1498339752"
"W4224292151","W2919820997"
"W4389044138","W1498339752"
"W4404043574","W2884459365"
"W4309271443","W2884459365"
"W4398501949","W1498339752"
"W4401133563","W1498339752"
"W4403825649","W1498339752"
"W2904438495","W1498339752"
"W4383876604","W1498339752"
"W4400944786","W2884459365"
"W4408768655","W2884459365"
"W4213001677","W1989435151"
"W4401725883","W2884459365"
"W4410412249","W2123295839"
"W4407115772","W2919820997"
"W4393325584","W2884459365"
"W4406400437","W1498339752"
"W2192791544","W2123295839"
"W1521560361","W1498339752"
"W2145483647","W1498339752"
"W2145029128","W2123295839"
"W4255747906","W1498339752"
"W1974939442","W1498339752"
"W2129503279","W2123295839"
"W2118618486","W1498339752"
"W2063586003","W1498339752"
"W2109897492","W2123295839"
"W2157333612","W1498339752"
"W2128993037","W1498339752"
"W2072368227","W1498339752"
"W2090391966","W1498339752"
"W2096449620","W1498339752"
"W1987458214","W1498339752"
"W2132167206","W1498339752"
"W1995840584","W1498339752"
"W2323342040","W1498339752"
"W2086062722","W1498339752"
"W2152967365","W2123295839"
"W1911369886","W1498339752"
"W2108600789","W1498339752"
"W2110598543","W1498339752"
"W2120060460","W1498339752"
"W2137579855","W1498339752"
"W2137579855","W2123295839"
"W2000040807","W1498339752"
"W2161098097","W1498339752"
"W2146024673","W2123295839"
"W2102454757","W2123295839"
"W1978694644","W1498339752"
"W2047134275","W2123295839"
"W2156045482","W2123295839"
"W2030874192","W1498339752"
"W49050011","W1498339752"
"W49050011","W2123295839"
"W2012569263","W1498339752"
"W2031005610","W1498339752"
"W2077415357","W1989435151"
"W2148893147","W2123295839"
"W1488628681","W2123295839"
"W2066029124","W1498339752"
"W2118635449","W1498339752"
"W2736125731","W2123295839"
"W4246518695","W1498339752"
"W4246518695","W2123295839"
"W2040472672","W1498339752"
"W2057181742","W2123295839"
"W2059305416","W1498339752"
"W2100899724","W1498339752"
"W2142933880","W1498339752"
"W3121350308","W2123295839"
"W4230320783","W1989435151"
"W2034576535","W2123295839"
"W2053377201","W1498339752"
"W2734542517","W1498339752"
"W2734542517","W2123295839"
"W1694627387","W2123295839"
"W2170723177","W2123295839"
"W2921683802","W1498339752"
"W2214548696","W1498339752"
"W2563738759","W2123295839"
"W4232013811","W1498339752"
"W640079906","W1498339752"
"W1920015396","W1498339752"
"W2922882940","W2123295839"
"W1995578715","W2123295839"
"W2020296808","W1498339752"
"W2000892417","W2123295839"
"W2110002585","W2123295839"
"W2124445652","W1989435151"
"W2149621952","W1498339752"
"W2035111947","W1498339752"
"W2136397601","W1498339752"
"W2240123399","W1498339752"
"W2743368977","W2123295839"
"W2060303363","W1498339752"
"W2099799656","W1498339752"
"W2104681199","W2123295839"
"W2791377015","W2123295839"
"W560055955","W2123295839"
"W2471520761","W1498339752"
"W3121294067","W1498339752"
"W1969543809","W2123295839"
"W2036325915","W1498339752"
"W2564591954","W2123295839"
"W1491383755","W1498339752"
"W1520837518","W1498339752"
"W2336439626","W2123295839"
"W2539284606","W1498339752"
"W1995881913","W1498339752"
"W2020396129","W2123295839"
"W2034914133","W1498339752"
"W2144249844","W1498339752"
"W2461707717","W1498339752"
"W2896376654","W2123295839"
"W2900759500","W1498339752"
"W4211219615","W1989435151"
"W2157304477","W1498339752"
"W2266817373","W1498339752"
"W2914953497","W2123295839"
"W1606850811","W1498339752"
"W2074276773","W2123295839"
"W2139882348","W1498339752"
"W2236283454","W1498339752"
"W2800899610","W1498339752"
"W2899331565","W1498339752"
"W2907638939","W1498339752"
"W2039181797","W1498339752"
"W2043079067","W1498339752"
"W2109592058","W1498339752"
"W2113161822","W2123295839"
"W2157766236","W1498339752"
"W2480738082","W1498339752"
"W2783693943","W2123295839"
"W2887333403","W1498339752"
"W3014357256","W1498339752"
"W2022291642","W2123295839"
"W2223222733","W1498339752"
"W2951175635","W2123295839"
"W3126272886","W1498339752"
"W2142543828","W1498339752"
"W2626831622","W1498339752"
"W2783890970","W2123295839"
"W302159806","W1498339752"
"W1978461953","W1498339752"
"W2020235966","W2123295839"
"W2154540361","W2123295839"
"W2248913600","W1498339752"
"W2578395908","W1498339752"
"W2779239815","W1498339752"
"W2967823100","W2123295839"
"W2011055465","W2123295839"
"W2047220864","W1498339752"
"W2339578752","W1989435151"
"W2909508774","W2123295839"
"W1829200253","W1498339752"
"W1971355334","W1498339752"
"W2557664198","W1989435151"
"W2557664198","W2123295839"
"W2678839514","W2123295839"
"W1825728741","W2123295839"
"W2040574443","W1498339752"
"W2583783407","W1498339752"
"W2751685408","W1498339752"
"W2943021674","W1498339752"
"W2990986241","W1498339752"
"W3029743170","W1498339752"
"W2168398830","W1498339752"
"W2896583110","W2123295839"
"W3217103878","W1498339752"
"W4290960486","W1498339752"
"W4290960486","W2123295839"
"W113997742","W1498339752"
"W1960186828","W1498339752"
"W2553739880","W2123295839"
"W2968354969","W1498339752"
"W563960229","W2123295839"
"W2054581605","W1498339752"
"W2080723968","W1498339752"
"W2531861677","W2123295839"
"W283905677","W2123295839"
"W2973955370","W1498339752"
"W3175156079","W1989435151"
"W2062521970","W1498339752"
"W2140849736","W1498339752"
"W2724575338","W1498339752"
"W2724575338","W2123295839"
"W2763826922","W1498339752"
"W2796729447","W1498339752"
"W2898890949","W2123295839"
"W2936537405","W1989435151"
"W3044673335","W2884459365"
"W2069713361","W1498339752"
"W2171368478","W1498339752"
"W2507782706","W1498339752"
"W2566738167","W2123295839"
"W2786281105","W2123295839"
"W2885367363","W2123295839"
"W2045177540","W1498339752"
"W2158445675","W2123295839"
"W2315303192","W1498339752"
"W2623448001","W1498339752"
"W2623448001","W2123295839"
"W2910875373","W1498339752"
"W3035246121","W2123295839"
"W3127386062","W2123295839"
"W1607658809","W1498339752"
"W2051247112","W1498339752"
"W2585554880","W1498339752"
"W2763231828","W1989435151"
"W1979220654","W1498339752"
"W2061310565","W1498339752"
"W2123519127","W1498339752"
"W2135650778","W1989435151"
"W2296271620","W1498339752"
"W2597501870","W1498339752"
"W2901231044","W2123295839"
"W3164552243","W1498339752"
"W2138877705","W1498339752"
"W2494127703","W1498339752"
"W2999313062","W1498339752"
"W3024322259","W2123295839"
"W3040480357","W2123295839"
"W3045168039","W1498339752"
"W3092420564","W1498339752"
"W3092420564","W2884459365"
"W3111200167","W1498339752"
"W1971131757","W2123295839"
"W2019016074","W1498339752"
"W2096405724","W1498339752"
"W2096407610","W1498339752"
"W2126871687","W1498339752"
"W2269998574","W2123295839"
"W2548532126","W1498339752"
"W2598992623","W1989435151"
"W2976504774","W1989435151"
"W4206311478","W2123295839"
"W4288049440","W1498339752"
"W1664967588","W1498339752"
"W2055888685","W1498339752"
"W2489553748","W2123295839"
"W2511284474","W2123295839"
"W2594891619","W1498339752"
"W3097667381","W2123295839"
"W3198351707","W1989435151"
"W368509406","W1498339752"
"W4221041281","W2123295839"
"W1994848724","W1498339752"
"W2005104722","W1498339752"
"W2112951660","W1498339752"
"W2201122657","W2123295839"
"W2410409451","W1989435151"
"W2753972009","W1498339752"
"W2775407339","W1498339752"
"W2799590156","W2123295839"
"W3035188605","W1498339752"
"W3183835802","W2123295839"
"W2793158593","W1498339752"
"W2905436995","W1498339752"
"W2969060941","W1989435151"
"W4225247674","W2919820997"
"W1948532353","W1498339752"
"W2000756319","W1498339752"
"W2139810745","W2123295839"
"W2166215528","W1498339752"
"W2507058464","W1498339752"
"W2917203424","W2123295839"
"W2955899193","W2884459365"
"W3040397861","W1498339752"
"W3128641003","W1498339752"
"W3200178769","W2884459365"
"W4229014238","W2123295839"
"W4308204545","W1498339752"
"W4318933940","W2123295839"
"W2061310868","W2123295839"
"W2085375281","W2123295839"
"W2612535116","W2123295839"
"W2936404418","W1498339752"
"W3005873740","W2123295839"
"W3045482119","W2884459365"
"W3122462512","W2123295839"
"W4232069916","W2123295839"
"W2005033155","W1498339752"
"W2331784301","W1498339752"
"W2519541843","W2123295839"
"W2791139373","W1498339752"
"W293808561","W1498339752"
"W293808561","W2123295839"
"W3131319792","W2123295839"
"W4211201368","W1498339752"
"W4243075853","W2123295839"
"W4388931525","W2123295839"
"W1986143665","W1498339752"
"W2098856577","W2123295839"
"W2288408631","W1498339752"
"W2551956814","W1498339752"
"W2775548583","W2123295839"
"W3087849658","W1498339752"
"W2502507769","W1498339752"
"W2555610828","W1498339752"
"W2616266978","W2123295839"
"W2811368563","W1498339752"
"W2897031792","W1498339752"
"W2998774785","W2123295839"
"W4283587798","W2123295839"
"W4319602121","W1989435151"
"W1991141931","W1498339752"
"W2483806732","W2123295839"
"W2512907857","W2123295839"
"W2734908581","W1498339752"
"W2734908581","W2123295839"
"W2793618161","W1498339752"
"W3206398081","W1498339752"
"W4206308487","W2884459365"
"W4293425607","W1498339752"
"W4293425607","W2123295839"
"W4319445132","W2123295839"
"W4377987228","W2884459365"
"W958395998","W2123295839"
"W2155979339","W2123295839"
"W2902168726","W1989435151"
"W3103834255","W1498339752"
"W4390033450","W2123295839"
"W4399362099","W2919820997"
"W1562027706","W2123295839"
"W1976564956","W2123295839"
"W2345039462","W1498339752"
"W2735056735","W1498339752"
"W2887493560","W1989435151"
"W2942623628","W1498339752"
"W3172574744","W2123295839"
"W4205182913","W2123295839"
"W4210330631","W1498339752"
"W4229365738","W2123295839"
"W4287837545","W2884459365"
"W4386588740","W2123295839"
"W4391040834","W2919820997"
"W4399130420","W2123295839"
"W2110896220","W1498339752"
"W2281248090","W1498339752"
"W2598537783","W1498339752"
"W3043192790","W2123295839"
"W4282002950","W2919820997"
"W4283361618","W2123295839"
"W4381849421","W1989435151"
"W2992615456","W2123295839"
"W3206597029","W2919820997"
"W4300091413","W1498339752"
"W4300789871","W1498339752"
"W4379746431","W1498339752"
"W4389732386","W1498339752"
"W2589429693","W2123295839"
"W2990804161","W1498339752"
"W4223410862","W2884459365"
"W4292509790","W1989435151"
"W4360976721","W2884459365"
"W4380849035","W1498339752"
"W4402378945","W2919820997"
"W2520676685","W1498339752"
"W2987115534","W2123295839"
"W3207935420","W2884459365"
"W4309185907","W2123295839"
"W4311903199","W1498339752"
"W4322769953","W2919820997"
"W4366769878","W2919820997"
"W4387647305","W1498339752"
"W4389189056","W2123295839"
"W4403542281","W2919820997"
"W1975878195","W2123295839"
"W2540954451","W1498339752"
"W2611275150","W2123295839"
"W2953415991","W2123295839"
"W3095149138","W2123295839"
"W4327544603","W2884459365"
"W4390964080","W1989435151"
"W2412234778","W1498339752"
"W3086004393","W1498339752"
"W3096862931","W2919820997"
"W4297633676","W1498339752"
"W4301585482","W1989435151"
"W4386099584","W2919820997"
"W4386292648","W2919820997"
"W4393022333","W1498339752"
"W4393445395","W2123295839"
"W2788267696","W2123295839"
"W2988148611","W1498339752"
"W3108353494","W2919820997"
"W3183343169","W1498339752"
"W4323545526","W1498339752"
"W4366415326","W2919820997"
"W4388825614","W2919820997"
"W4391840981","W2123295839"
"W4392518582","W2884459365"
"W4393188119","W2884459365"
"W4393991061","W2884459365"
"W4399044631","W1498339752"
"W4400961121","W2919820997"
"W2331115561","W1498339752"
"W3154110371","W2123295839"
"W4221021679","W2884459365"
"W4296230121","W2919820997"
"W4297380400","W2884459365"
"W4297633649","W1989435151"
"W4319163780","W1498339752"
"W4319163780","W2884459365"
"W4327856939","W2919820997"
"W4388458214","W2919820997"
"W4396675329","W2884459365"
"W4405261749","W2884459365"
"W4405784438","W2884459365"
"W2910958090","W1498339752"
"W3111439407","W2884459365"
"W3127951535","W1498339752"
"W4386482604","W2123295839"
"W4387610122","W1498339752"
"W4398251161","W1989435151"
"W4407425506","W2123295839"
"W4408769344","W2123295839"
"W2801674850","W1498339752"
"W3216243447","W2123295839"
"W4400778337","W1498339752"
"W4400778337","W2884459365"
"W2586527597","W1498339752"
"W4306868350","W1498339752"
"W4390929216","W1989435151"
"W4404018579","W2123295839"
"W4408607932","W1989435151"
"W4409442691","W1498339752"
"W4409442691","W2919820997"
"W4390747066","W2919820997"
"W4393144521","W2123295839"
"W4399868138","W2884459365"
"W4401639332","W2919820997"
"W4405255973","W2884459365"
"W4405624890","W2123295839"
"W4407599376","W2884459365"
"W4409444191","W2884459365"
"W4412136127","W2884459365"
"W4413801084","W2123295839"
"W4414414233","W2884459365"
"W36573518","W1498339752"
"W4401399662","W2884459365"
"W4406814147","W1498339752"
"W4406814147","W2919820997"
"W4407333454","W2123295839"
"W4410693432","W2123295839"
"W4411078685","W2919820997"
"W4412079723","W1989435151"
"W4417174581","W2884459365"
"W2495042753","W2123295839"
"W2589518476","W1498339752"
"W4410310620","W1498339752"
"W4410310620","W2919820997"
"W269389272","W1498339752"
"W2095402673","W2123295839"
"W2247723055","W1498339752"
"W33473365","W1498339752"
"W2081058798","W1498339752"
"W2492395177","W1498339752"
"W2089293619","W2123295839"
"W2001055977","W1498339752"
"W2163418563","W1498339752"
"W2247082123","W1498339752"
"W2033787511","W2123295839"
"W2069599357","W1498339752"
"W2088979446","W1498339752"
"W110246029","W1498339752"
"W2042933867","W1498339752"
"W2045578327","W1498339752"
"W2140058647","W1498339752"
"W4214518776","W1498339752"
"W2109384869","W1498339752"
"W1660453503","W2123295839"
"W2049458871","W1498339752"
"W4214747255","W1498339752"
"W1484299949","W1498339752"
"W2038459175","W1498339752"
"W2480940585","W1498339752"
"W2014638144","W1498339752"
"W1969114867","W1498339752"
"W2100886154","W1498339752"
"W2162077787","W1498339752"
"W612871376","W2123295839"
"W1514105086","W2123295839"
"W2017119009","W2123295839"
"W2131704580","W1498339752"
"W2131829920","W2123295839"
"W2131526036","W1498339752"
"W13821756","W1498339752"
"W2033370432","W1498339752"
"W2095996497","W1498339752"
"W2126252994","W1498339752"
"W2135692545","W1498339752"
"W2146007018","W1498339752"
"W2321021377","W1498339752"
"W2647553845","W1498339752"
"W1896901502","W2123295839"
"W2292470476","W2123295839"
"W2313503884","W1498339752"
"W2607379163","W1498339752"
"W2753115695","W2123295839"
"W2020996072","W1498339752"
"W2114002607","W1989435151"
"W2900196286","W1498339752"
"W3124075747","W2123295839"
"W2012161076","W1498339752"
"W2012161076","W2123295839"
"W2015915580","W2123295839"
"W2063146914","W1498339752"
"W29340428","W1498339752"
"W1578297190","W1498339752"
"W1992928324","W1498339752"
"W2057108171","W1498339752"
"W2067070204","W1498339752"
"W2075059494","W2123295839"
"W2107582075","W2123295839"
"W2910992046","W1989435151"
"W1997954170","W1498339752"
"W2031748725","W1498339752"
"W2059771017","W1498339752"
"W2060025800","W1498339752"
"W2082200509","W2123295839"
"W2144761699","W1498339752"
"W2264049097","W1498339752"
"W2574757198","W2123295839"
"W3026418734","W1498339752"
"W4210950727","W1498339752"
"W1947907107","W1498339752"
"W2041425418","W1498339752"
"W2125589252","W1498339752"
"W2148262484","W1498339752"
"W2340852061","W1498339752"
"W2515514706","W1498339752"
"W2912749975","W2123295839"
"W2007568600","W2123295839"
"W2042192399","W1498339752"
"W2068074274","W1498339752"
"W2138260883","W1498339752"
"W2272953423","W1498339752"
"W2794795406","W1498339752"
"W4387186705","W2123295839"
"W1972027202","W1498339752"
"W2056897975","W1498339752"
"W2057718821","W1498339752"
"W2109111973","W1498339752"
"W2904819819","W1498339752"
"W2969618783","W1498339752"
"W3081655895","W1498339752"
"W4247956328","W1498339752"
"W1508241941","W1498339752"
"W1513590069","W1498339752"
"W185004948","W1498339752"
"W2033297787","W1498339752"
"W2076379428","W1498339752"
"W2120670041","W1498339752"
"W2183549769","W1989435151"
"W2945832727","W2123295839"
"W3020237929","W1498339752"
"W1899947995","W1498339752"
"W1972211557","W2123295839"
"W1983790278","W2123295839"
"W2060897222","W1498339752"
"W2083758244","W1498339752"
"W2168429675","W2123295839"
"W2170379782","W1498339752"
"W2811193414","W2123295839"
"W597043951","W1498339752"
"W1971942822","W2123295839"
"W2003541383","W1498339752"
"W2040240558","W1498339752"
"W2071226356","W2123295839"
"W2092991343","W1498339752"
"W2100279090","W2123295839"
"W2146682294","W1498339752"
"W2265506240","W1498339752"
"W2268930619","W1498339752"
"W2756052067","W1498339752"
"W2767639381","W1498339752"
"W2884889384","W2123295839"
"W2934720364","W2123295839"
"W3202318235","W1498339752"
"W1247892089","W1498339752"
"W2767353286","W1498339752"
"W3082755589","W2123295839"
"W3115692024","W2884459365"
"W4307886219","W2884459365"
"W1125589875","W2123295839"
"W1486367506","W1498339752"
"W2031356746","W1498339752"
"W2090345424","W1498339752"
"W2136678288","W1498339752"
"W2263893068","W2123295839"
"W2328613283","W1498339752"
"W2470108166","W2123295839"
"W2784734995","W1498339752"
"W2787531725","W1498339752"
"W3088164539","W1498339752"
"W1147517439","W1498339752"
"W1700653582","W1498339752"
"W2090809579","W1498339752"
"W2746331706","W1498339752"
"W2887074345","W1498339752"
"W2955328374","W2123295839"
"W3088876937","W1498339752"
"W3088876937","W1989435151"
"W4240876832","W2123295839"
"W45525931","W1498339752"
"W112599797","W1498339752"
"W2122577604","W1498339752"
"W2283764671","W1498339752"
"W2612670688","W1498339752"
"W2752058717","W1498339752"
"W2891493637","W2123295839"
"W2945875443","W1498339752"
"W3090085085","W2123295839"
"W3183340590","W2919820997"
"W3208410088","W2884459365"
"W3442241","W1498339752"
"W4224288159","W1498339752"
"W4224288159","W2919820997"
"W1636684124","W1498339752"
"W1872165369","W1498339752"
"W1877973097","W2123295839"
"W2099287439","W1498339752"
"W2131628359","W2123295839"
"W2532124021","W1498339752"
"W2903553824","W1498339752"
"W2905883899","W1498339752"
"W2996260225","W1498339752"
"W3003866736","W1498339752"
"W3085770783","W2123295839"
"W4211116000","W2123295839"
"W1785352320","W2123295839"
"W2025403198","W1498339752"
"W2221582526","W1498339752"
"W2315647791","W1498339752"
"W2779509620","W1498339752"
"W2808031886","W2123295839"
"W2913724538","W1498339752"
"W2921890011","W1498339752"
"W2932482319","W2123295839"
"W3193827898","W1498339752"
"W4200126314","W2123295839"
"W4211147657","W2123295839"
"W4224212185","W1498339752"
"W4224212185","W2919820997"
"W4282585822","W2919820997"
"W1581298289","W2123295839"
"W2033723652","W1498339752"
"W2056176930","W1498339752"
"W2065418796","W1498339752"
"W2264772092","W1498339752"
"W2337497753","W1498339752"
"W2488886356","W1498339752"
"W2765906905","W1498339752"
"W2904974699","W1498339752"
"W2914265042","W2123295839"
"W2955840801","W1989435151"
"W2972904381","W1498339752"
"W2981679842","W2919820997"
"W3026693991","W2123295839"
"W3093125633","W1498339752"
"W3159915976","W2123295839"
"W3174389947","W1498339752"
"W3202196067","W1498339752"
"W4387500492","W1498339752"
"W132766771","W1498339752"
"W1489388910","W1498339752"
"W1839858018","W1498339752"
"W2032914154","W2123295839"
"W2187355102","W1498339752"
"W2475085046","W1498339752"
"W2610412705","W1498339752"
"W3011730985","W2123295839"
"W3047154883","W1498339752"
"W3131549290","W2884459365"
"W3137702279","W1498339752"
"W3144259951","W1498339752"
"W3196646518","W1498339752"
"W3199311661","W1498339752"
"W4205254798","W2123295839"
"W4205733006","W1498339752"
"W4206799752","W1498339752"
"W4210326095","W1989435151"
"W4224239487","W1498339752"
"W4224239487","W2919820997"
"W4388999889","W2884459365"
"W76123200","W1498339752"
"W1642129020","W2123295839"
"W1967314080","W1498339752"
"W2023652634","W1498339752"
"W2170428457","W2123295839"
"W2417997571","W1498339752"
"W2604315973","W1498339752"
"W2949426114","W2123295839"
"W3031023626","W2123295839"
"W3081485363","W2123295839"
"W3095313674","W2884459365"
"W3111701304","W2123295839"
"W3183656522","W1498339752"
"W3206808891","W2884459365"
"W4220677164","W2919820997"
"W4311064256","W2919820997"
"W4368351265","W1989435151"
"W4386301289","W1498339752"
"W4392000690","W2123295839"
"W2129583576","W1498339752"
"W2485030756","W2123295839"
"W2783826557","W1498339752"
"W2800455374","W1498339752"
"W2911274422","W1498339752"
"W2996331685","W1498339752"
"W2996331685","W2884459365"
"W2998968675","W1498339752"
"W3007826150","W2884459365"
"W3135518343","W1498339752"
"W3193789990","W1498339752"
"W4362595287","W2123295839"
"W7925022","W1498339752"
"W2179383425","W2123295839"
"W2478105338","W1498339752"
"W2529383436","W1498339752"
"W2969423456","W1989435151"
"W3170780091","W2123295839"
"W4200234380","W2123295839"
"W4225321821","W1498339752"
"W4240177706","W1498339752"
"W4249578774","W2123295839"
"W4312180073","W1498339752"
"W4312180073","W2884459365"
"W4312180073","W2919820997"
"W4324088615","W1498339752"
"W4361255753","W2123295839"
"W4386422139","W2884459365"
"W4389870399","W2919820997"
"W2519292217","W1498339752"
"W2783969403","W1498339752"
"W2784478103","W1498339752"
"W2990658273","W2123295839"
"W3080783066","W2123295839"
"W3096666928","W2123295839"
"W3097123915","W2123295839"
"W3158187657","W1498339752"
"W3189328748","W1498339752"
"W3199777416","W1498339752"
"W4213020650","W2884459365"
"W4281761774","W2123295839"
"W4282546520","W1498339752"
"W4285595606","W2884459365"
"W4293163625","W1989435151"
"W4311402115","W2919820997"
"W4381548554","W2919820997"
"W4386308141","W2123295839"
"W4392130021","W2919820997"
"W2344891880","W2123295839"
"W264336330","W1498339752"
"W264336330","W2123295839"
"W3012714608","W1498339752"
"W3080237453","W1498339752"
"W3094510417","W2884459365"
"W3115538018","W1498339752"
"W4281725809","W1498339752"
"W4303982461","W2884459365"
"W4303982461","W2919820997"
"W4307046882","W1498339752"
"W4307046882","W2884459365"
"W4308905787","W2919820997"
"W4327951431","W2884459365"
"W4388734053","W2919820997"
"W4400300406","W1989435151"
"W4402247791","W2123295839"
"W1524237372","W2123295839"
"W2212629302","W2123295839"
"W3115600381","W1989435151"
"W3163533202","W2123295839"
"W3198442784","W2123295839"
"W4239853368","W2123295839"
"W4296049803","W1498339752"
"W4308213233","W1498339752"
"W4320503792","W1498339752"
"W4386541205","W1498339752"
"W4388696153","W2123295839"
"W4388703217","W1989435151"
"W4388931715","W2123295839"
"W4391820675","W2884459365"
"W4407425512","W2919820997"
"W4411735687","W2919820997"
"W4413772057","W1498339752"
"W2402261501","W1498339752"
"W3126345705","W1498339752"
"W3135992628","W1498339752"
"W3155590871","W1989435151"
"W3178008022","W1498339752"
"W3178008022","W2884459365"
"W3179955536","W2123295839"
"W4226360030","W2123295839"
"W4297633662","W1498339752"
"W4313364698","W2884459365"
"W4378189105","W2884459365"
"W4385303294","W2884459365"
"W4386161208","W2884459365"
"W4388996567","W1498339752"
"W4393864877","W2123295839"
"W4395674060","W2884459365"
"W4400363748","W2123295839"
"W4401295367","W2884459365"
"W4404197646","W2123295839"
"W4405077933","W1498339752"
"W775946837","W1498339752"
"W2136193695","W1498339752"
"W3008247488","W1498339752"
"W4304193018","W1989435151"
"W4315864572","W1498339752"
"W4315864572","W2919820997"
"W4377021655","W1498339752"
"W4378216598","W2884459365"
"W4382246119","W1498339752"
"W4385280185","W2123295839"
"W4385527874","W2123295839"
"W4391077419","W1498339752"
"W4393383020","W2884459365"
"W4400307020","W2919820997"
"W4406098039","W2123295839"
"W4406789257","W1498339752"
"W4406819118","W1498339752"
"W4408378780","W2919820997"
"W4408777300","W2919820997"
"W4408858814","W1498339752"
"W4408858814","W2919820997"
"W4409083318","W2884459365"
"W4409513586","W2919820997"
"W2898798104","W1989435151"
"W3200067932","W1498339752"
"W4288009903","W1989435151"
"W4288753693","W2123295839"
"W4292235928","W2919820997"
"W4310506813","W2123295839"
"W4320892902","W2123295839"
"W4384451769","W1498339752"
"W4390884325","W1498339752"
"W4394612159","W1498339752"
"W4396801896","W2919820997"
"W4401180653","W2919820997"
"W4405123439","W1498339752"
"W4408557259","W2919820997"
"W4409379914","W2123295839"
"W4409963539","W1498339752"
"W4410888668","W2123295839"
"W4410956877","W2919820997"
"W4412769058","W2884459365"
"W4414483126","W2123295839"
"W4414969558","W2123295839"
"W4415916984","W2884459365"
"W4416894458","W2884459365"
"W4417422201","W2919820997"
"W7115175594","W2123295839"
"W7133190824","W2919820997"
"W7135045765","W2884459365"
"W7135233883","W2884459365"
"W2062826185","W1498339752"
"W2017136068","W1498339752"
"W2029246742","W1498339752"
"W2156020076","W1498339752"
"W2622469143","W1498339752"
"W2028307618","W2123295839"
"W2011152492","W1498339752"
"W2130115892","W1498339752"
"W2319858284","W2123295839"
"W74147080","W1498339752"
"W2088051522","W1498339752"
"W2090263876","W1498339752"
"W568766834","W2123295839"
"W193411597","W1498339752"
"W2035531412","W1498339752"
"W2102488322","W2123295839"
"W2108483924","W1498339752"
"W2050920897","W1498339752"
"W2084794406","W1498339752"
"W2625297621","W1498339752"
"W2003416369","W2123295839"
"W2132315538","W2123295839"
"W2791733354","W1498339752"
"W2741741528","W2123295839"
"W4243809164","W1498339752"
"W2035697442","W1498339752"
"W2047308289","W1498339752"
"W2076819863","W1498339752"
"W2118852145","W1498339752"
"W2127221025","W2123295839"
"W2144699457","W2123295839"
"W2413404408","W1498339752"
"W49168963","W1498339752"
"W1578432998","W2123295839"
"W2008816897","W1498339752"
"W2024725868","W1498339752"
"W2057635392","W1498339752"
"W2074385650","W1498339752"
"W2127734562","W1498339752"
"W2164481330","W1498339752"
"W2488665446","W1498339752"
"W2578425935","W2123295839"
"W568818682","W1498339752"
"W1596565014","W2123295839"
"W1978957026","W1498339752"
"W2030330792","W1498339752"
"W2044464736","W2123295839"
"W2055071826","W1498339752"
"W2123396204","W1498339752"
"W2130285784","W2123295839"
"W2151115955","W2123295839"
"W2274074601","W2123295839"
"W2594433292","W2123295839"
"W2921471441","W1498339752"
"W1461717102","W1498339752"
"W1999868330","W1498339752"
"W2034216787","W1498339752"
"W2089722190","W1498339752"
"W2142998045","W1498339752"
"W2148582198","W1498339752"
"W2187733900","W1498339752"
"W2314466472","W2123295839"
"W2335989546","W1498339752"
"W2583487899","W1498339752"
"W1981446963","W1498339752"
"W2033816624","W1498339752"
"W2035734768","W1498339752"
"W2054270557","W1498339752"
"W2102157786","W1498339752"
"W2255557690","W1498339752"
"W2493244215","W1498339752"
"W2589850503","W1498339752"
"W2765629032","W1498339752"
"W3085396400","W1498339752"
"W3121146464","W2123295839"
"W1841671181","W1498339752"
"W1984562632","W1498339752"
"W1998995138","W1498339752"
"W2019230565","W2123295839"
"W2339380255","W1498339752"
"W2345596795","W2123295839"
"W2490850668","W1498339752"
"W2494664422","W1498339752"
"W2566955651","W2123295839"
"W2943902096","W1498339752"
"W3195954956","W1498339752"
"W2036220323","W1498339752"
"W2223413335","W2123295839"
"W2402192099","W1498339752"
"W2766789153","W2123295839"
"W2948380086","W1498339752"
"W2982203046","W1498339752"
"W3022893822","W2123295839"
"W3133206556","W1498339752"
"W4200114048","W2123295839"
"W1536557902","W1498339752"
"W2076294157","W1498339752"
"W2113496863","W2123295839"
"W2174351250","W1498339752"
"W2422287424","W1498339752"
"W2463376845","W1498339752"
"W2479273618","W1498339752"
"W2549600194","W1498339752"
"W2888646573","W2123295839"
"W2894064237","W1498339752"
"W2981916565","W1498339752"
"W3005715463","W2123295839"
"W3122768409","W1498339752"
"W2072731224","W1498339752"
"W2170131550","W2123295839"
"W2183074575","W1498339752"
"W2464928206","W1498339752"
"W2464928206","W2123295839"
"W2777245904","W1989435151"
"W2935946833","W2123295839"
"W2963794597","W1498339752"
"W2972354237","W1498339752"
"W2997165182","W1498339752"
"W3026712855","W1498339752"
"W3048562192","W2123295839"
"W3097897503","W1498339752"
"W3138290560","W2123295839"
"W4292983261","W2884459365"
"W2297435096","W1498339752"
"W2335293012","W1498339752"
"W2528184863","W1498339752"
"W2767131710","W1989435151"
"W2967374911","W2884459365"
"W3032443156","W2123295839"
"W3048422570","W1498339752"
"W3121797552","W2123295839"
"W3165234543","W1498339752"
"W4285128264","W2884459365"
"W4285730841","W1498339752"
"W49761784","W1498339752"
"W615768130","W1498339752"
"W1029715814","W1498339752"
"W2286288547","W1498339752"
"W2415289086","W1498339752"
"W2462454452","W1498339752"
"W2586395123","W1498339752"
"W2799992041","W1498339752"
"W283685799","W1498339752"
"W2902217411","W2123295839"
"W2980113762","W1498339752"
"W3027652243","W1498339752"
"W3105765970","W1498339752"
"W3124118199","W2123295839"
"W3174701401","W1498339752"
"W3180558231","W1989435151"
"W1975001262","W1498339752"
"W2027353633","W2123295839"
"W2164484661","W1498339752"
"W2614938433","W1989435151"
"W2616446495","W1498339752"
"W3039493922","W2123295839"
"W3159883600","W2884459365"
"W3186478481","W2884459365"
"W3204610815","W2919820997"
"W4214493519","W2123295839"
"W4231816127","W2884459365"
"W4298394903","W1498339752"
"W4298394903","W2884459365"
"W4304890251","W2123295839"
"W2625831318","W1498339752"
"W2625831318","W2123295839"
"W2789502886","W1498339752"
"W2893963184","W1498339752"
"W2896577595","W1989435151"
"W2897359554","W2123295839"
"W2898904282","W1498339752"
"W2968411786","W2123295839"
"W3118854753","W1498339752"
"W3121520638","W2123295839"
"W3180660414","W2884459365"
"W4207030331","W1498339752"
"W4311160921","W1498339752"
"W9044336","W1498339752"
"W2188004178","W1498339752"
"W2967808252","W1498339752"
"W3034197220","W1498339752"
"W3040992983","W1498339752"
"W3217365783","W1989435151"
"W4308013933","W1498339752"
"W4386784356","W1498339752"
"W4389508440","W1989435151"
"W4389609196","W2884459365"
"W4399288688","W2884459365"
"W4408110689","W1498339752"
"W4408110689","W2123295839"
"W4211216421","W2123295839"
"W1484016652","W1498339752"
"W2086395858","W1498339752"
"W2272196331","W2123295839"
"W2133814200","W1498339752"
"W2157446328","W1498339752"
"W1975954231","W1498339752"
"W2109607758","W1498339752"
"W2099404466","W2123295839"
"W2181400497","W2123295839"
"W1964436819","W2123295839"
"W1974073766","W1498339752"
"W2050649439","W1498339752"
"W1570170628","W1498339752"
"W1700026980","W2123295839"
"W2017220674","W1498339752"
"W2078479775","W2123295839"
"W2127092968","W1498339752"
"W2491960507","W1498339752"
"W2889844724","W1498339752"
"W4386832151","W1498339752"
"W1150758231","W1498339752"
"W1583006150","W1498339752"
"W1584561092","W1498339752"
"W1997355707","W1498339752"
"W2054921008","W1498339752"
"W2109522891","W1498339752"
"W2133478483","W1498339752"
"W2157015610","W1498339752"
"W2159607435","W1498339752"
"W2740569279","W1498339752"
"W4242312737","W1498339752"
"W1531690460","W2123295839"
"W1581279263","W1498339752"
"W1981824487","W1498339752"
"W2011556618","W1498339752"
"W2017071141","W1498339752"
"W2234735254","W1498339752"
"W2404787308","W1498339752"
"W3021508436","W2123295839"
"W18203477","W1498339752"
"W2005541","W1498339752"
"W2150520034","W2123295839"
"W2212688928","W1498339752"
"W2326754901","W1498339752"
"W2345583273","W1498339752"
"W2479382345","W1498339752"
"W2512545394","W1498339752"
"W2552653790","W1498339752"
"W2738238266","W1498339752"
"W2738238266","W2123295839"
"W2767565363","W1989435151"
"W352117691","W1498339752"
"W496694190","W1989435151"
"W1976688918","W1498339752"
"W1998962589","W2123295839"
"W2004443330","W1498339752"
"W2057760979","W2123295839"
"W2093582637","W2123295839"
"W2188780487","W2123295839"
"W2329920646","W1498339752"
"W2515420703","W1498339752"
"W2767722612","W1498339752"
"W2767722612","W1989435151"
"W2809804683","W2123295839"
"W2973782678","W1498339752"
"W3143166882","W2919820997"
"W38744621","W1498339752"
"W1546342129","W2123295839"
"W160342541","W1498339752"
"W1968573993","W1498339752"
"W1969157126","W1498339752"
"W1980044334","W1498339752"
"W1987245509","W1498339752"
"W2002528387","W2123295839"
"W2132623349","W1498339752"
"W2167917865","W1498339752"
"W2194987372","W1498339752"
"W2483306878","W2123295839"
"W2489670375","W2123295839"
"W2550297277","W1498339752"
"W2606600431","W1498339752"
"W2790206460","W1498339752"
"W2912871421","W2123295839"
"W3006951879","W2884459365"
"W3015035924","W1498339752"
"W3016250674","W2123295839"
"W3028254944","W2123295839"
"W3133774195","W2884459365"
"W4247910363","W2919820997"
"W69052956","W1498339752"
"W154514881","W1498339752"
"W1991586605","W1498339752"
"W2009133165","W2123295839"
"W2011897555","W1498339752"
"W2025356080","W1498339752"
"W2257637291","W1498339752"
"W2462824821","W2123295839"
"W2476809913","W1498339752"
"W2495564625","W1498339752"
"W2498806233","W1498339752"
"W2611523986","W2123295839"
"W2751234987","W2123295839"
"W2791187879","W1989435151"
"W2809807467","W1498339752"
"W2941183111","W1498339752"
"W2941953509","W1498339752"
"W2944972860","W2123295839"
"W2971924333","W1498339752"
"W3112414267","W2884459365"
"W3165764574","W2123295839"
"W342785226","W1498339752"
"W342785226","W2123295839"
"W41761734","W1498339752"
"W4211090478","W2123295839"
"W4211126415","W1498339752"
"W4211161686","W1498339752"
"W4223556625","W1498339752"
"W4381621458","W2884459365"
"W1160371984","W1498339752"
"W183530205","W1498339752"
"W2004064852","W1498339752"
"W2033040071","W1498339752"
"W2132851111","W2123295839"
"W2146148887","W1498339752"
"W2151758244","W2123295839"
"W2157368921","W1498339752"
"W2174613041","W2123295839"
"W2207800791","W1498339752"
"W2261341466","W1498339752"
"W2318105781","W1498339752"
"W2484441819","W1498339752"
"W2589600971","W1498339752"
"W2623416601","W1498339752"
"W2623416601","W2123295839"
"W2691122023","W1498339752"
"W2691122023","W2123295839"
"W2804833093","W1498339752"
"W2811412410","W1498339752"
"W2811412410","W2123295839"
"W2904577373","W1498339752"
"W3006115858","W2884459365"
"W3022300779","W2919820997"
"W3155803063","W2919820997"
"W3167513430","W1989435151"
"W3216355639","W2123295839"
"W4224066497","W1498339752"
"W4284988103","W2123295839"
"W4386522291","W2123295839"
"W987835120","W1498339752"
"W1657770657","W1498339752"
"W1657770657","W2123295839"
"W1701883962","W1498339752"
"W1942666536","W1498339752"
"W1993334089","W2123295839"
"W2014240190","W2123295839"
"W2022088265","W2123295839"
"W2064193912","W1498339752"
"W2074143064","W1498339752"
"W2116612689","W1498339752"
"W2131979266","W2123295839"
"W2624868905","W1498339752"
"W2624868905","W2123295839"
"W2751115562","W1498339752"
"W2756206776","W2123295839"
"W2985834154","W2123295839"
"W3016523793","W1498339752"
"W3111051727","W2884459365"
"W3112380299","W1498339752"
"W3180677876","W1498339752"
"W3195592039","W1498339752"
"W3205942611","W1498339752"
"W377479126","W1498339752"
"W4210668894","W2123295839"
"W4224238797","W1498339752"
"W4224238797","W2919820997"
"W4224277311","W1498339752"
"W4224277311","W2919820997"
"W4240166648","W1989435151"
"W4324373664","W2123295839"
"W1488640772","W1498339752"
"W1964727081","W2123295839"
"W1994256473","W2123295839"
"W2106497818","W1498339752"
"W2269416838","W1498339752"
"W2286549708","W2123295839"
"W2345157359","W2123295839"
"W2468881436","W1498339752"
"W2588456177","W1498339752"
"W2593060203","W1498339752"
"W2742032512","W1498339752"
"W2790661329","W2123295839"
"W2791620739","W1498339752"
"W2792507439","W1498339752"
"W2898578024","W1498339752"
"W2903052416","W1498339752"
"W2944263605","W1498339752"
"W3033106158","W1498339752"
"W3044602871","W2123295839"
"W3045041122","W1498339752"
"W3116043441","W1498339752"
"W3135535250","W1498339752"
"W3208131020","W1498339752"
"W4205500182","W1498339752"
"W4213456811","W1498339752"
"W4224273146","W1498339752"
"W4224273146","W2919820997"
"W4288731171","W1989435151"
"W4295670592","W2919820997"
"W4297728376","W2884459365"
"W4311053850","W2884459365"
"W4318481326","W1989435151"
"W4319785967","W1498339752"
"W4327743602","W2123295839"
"W4392239805","W1989435151"
"W4392743330","W1498339752"
"W4392947342","W2123295839"
"W4401877616","W1989435151"
"W4404733391","W1498339752"
"W4405669191","W2919820997"
"W1973357667","W1498339752"
"W2171348122","W1498339752"
"W2486233840","W1498339752"
"W2772287058","W1498339752"
"W2784548177","W1498339752"
"W3014519233","W2884459365"
"W4220678508","W2123295839"
"W4234310877","W1989435151"
"W4245419857","W2884459365"
"W4245684696","W1498339752"
"W4312181007","W2884459365"
"W4390114726","W2884459365"
"W4391236552","W1498339752"
"W4391799454","W2884459365"
"W4396220194","W2919820997"
"W4398256142","W2919820997"
"W4400461953","W2884459365"
"W4405745492","W2884459365"
"W4406776460","W2919820997"
"W4412620602","W2123295839"
"W1833361281","W1498339752"
"W1555258330","W1498339752"
"W1506145940","W1498339752"
"W2072586715","W2123295839"
"W2200854000","W1498339752"
"W2345470679","W1498339752"
"W2346603362","W2123295839"
"W2771946705","W1498339752"
"W2061291687","W1498339752"
"W2184420851","W2123295839"
"W3112856747","W2919820997"
"W4210486892","W1498339752"
"W48388588","W1498339752"
"W112751330","W1498339752"
"W2092859278","W2123295839"
"W2244918072","W1498339752"
"W2261252800","W2123295839"
"W2727641268","W2123295839"
"W2736253832","W1498339752"
"W2736253832","W2123295839"
"W2783326937","W1498339752"
"W28317786","W1498339752"
"W3047192535","W1498339752"
"W4312854177","W1498339752"
"W1540103261","W2123295839"
"W1967077043","W1498339752"
"W2543301153","W1498339752"
"W2804133130","W2123295839"
"W2952952851","W1498339752"
"W2970691387","W1498339752"
"W3012299412","W1498339752"
"W3028261619","W1498339752"
"W3035873696","W2123295839"
"W3117676003","W1498339752"
"W3118688106","W1498339752"
"W3119488757","W1498339752"
"W3119488757","W2884459365"
"W3153809378","W2123295839"
"W4214893412","W2123295839"
"W4224271691","W1498339752"
"W4224271691","W2919820997"
"W1586125497","W1498339752"
"W1929287903","W1498339752"
"W2343360544","W1498339752"
"W2508045927","W1498339752"
"W2569644993","W1498339752"
"W2740191732","W2123295839"
"W2752734770","W1498339752"
"W2990682470","W1989435151"
"W3089913828","W1498339752"
"W3123645190","W1498339752"
"W3160882206","W1498339752"
"W3164293987","W1989435151"
"W4224230384","W1498339752"
"W4224230384","W2919820997"
"W4224255613","W1498339752"
"W4224255613","W2919820997"
"W4224303469","W1498339752"
"W4224303469","W2919820997"
"W4226201446","W2884459365"
"W4281552819","W1989435151"
"W4296191319","W1498339752"
"W4296781464","W2884459365"
"W4309076316","W1498339752"
"W4322209632","W2884459365"
"W4378472910","W1498339752"
"W4380609157","W2123295839"
"W4380887207","W1498339752"
"W4386292815","W2884459365"
"W4387770693","W2884459365"
"W4392296081","W1498339752"
"W4393975499","W2123295839"
"W4396592667","W2919820997"
"W4402615970","W2123295839"
"W1520431092","W1498339752"
"W2090229508","W1498339752"
"W2090229508","W2123295839"
"W2168901852","W1498339752"
"W2526896481","W2123295839"
"W2811204099","W1498339752"
"W2974775970","W2884459365"
"W3006181137","W1498339752"
"W3011217980","W1498339752"
"W3124460528","W1498339752"
"W3129041378","W1498339752"
"W3160112194","W2123295839"
"W3199724914","W2123295839"
"W4205660253","W1498339752"
"W4213069588","W1498339752"
"W4283579908","W2884459365"
"W4296623374","W1498339752"
"W4296623708","W1498339752"
"W4320018312","W1498339752"
"W4385629753","W1498339752"
"W4389006097","W2123295839"
"W4389921395","W1498339752"
"W4390562249","W2919820997"
"W4390620105","W1498339752"
"W4390734350","W2884459365"
"W4390779882","W2123295839"
"W4391066838","W1498339752"
"W4392079804","W1498339752"
"W4392345962","W2123295839"
"W4392598893","W1498339752"
"W4394942859","W2884459365"
"W4396834986","W2919820997"
"W4398251468","W1498339752"
"W4401431443","W1498339752"
"W4401774129","W1498339752"
"W4401845637","W2919820997"
"W4402321809","W2884459365"
"W4403014599","W1989435151"
"W4405189460","W1989435151"
"W4405314561","W2919820997"
"W4405566076","W1498339752"
"W4405566076","W2884459365"
"W4405617001","W2884459365"
"W4405649624","W2919820997"
"W4406198230","W2123295839"
"W4408540887","W2884459365"
"W4410806727","W2919820997"
"W4410812282","W1498339752"
"W4410857624","W2919820997"
"W4411171598","W2884459365"
"W4411260211","W2123295839"
"W4411485655","W2884459365"
"W4413535548","W2884459365"
"W4413593940","W2919820997"
"W66683714","W1498339752"
"W135053753","W1498339752"
"W2148636744","W1498339752"
"W2242552512","W1498339752"
"W1999453119","W1498339752"
"W3216414754","W1989435151"
"W1506747421","W1498339752"
"W2129585600","W1498339752"
"W2046146311","W2123295839"
"W1465804854","W1498339752"
"W1995683133","W1498339752"
"W2262549254","W1498339752"
"W2332883422","W2123295839"
"W2117669470","W1498339752"
"W2527119260","W1498339752"
"W2586442485","W2123295839"
"W2625758943","W1498339752"
"W2625758943","W2123295839"
"W2766186188","W1498339752"
"W2242201499","W1498339752"
"W266614735","W1498339752"
"W266614735","W2123295839"
"W2734707717","W1498339752"
"W2734707717","W2123295839"
"W2913533147","W1498339752"
"W40028794","W1498339752"
"W567377575","W1498339752"
"W58418969","W1498339752"
"W6795570","W1498339752"
"W777902385","W1498339752"
"W1605949917","W2123295839"
"W1986269466","W1498339752"
"W2010382758","W1498339752"
"W2033431299","W1498339752"
"W2112432895","W1498339752"
"W2119061164","W2123295839"
"W2119115255","W2123295839"
"W2184965881","W1498339752"
"W2329302917","W1498339752"
"W2612890107","W1498339752"
"W2617223958","W2123295839"
"W2743058814","W2123295839"
"W2810894846","W1498339752"
"W3012101325","W2123295839"
"W1483290157","W1498339752"
"W1593053488","W1498339752"
"W1606392057","W1498339752"
"W2017115590","W2123295839"
"W2035081515","W1498339752"
"W2057405237","W1498339752"
"W2058650464","W1498339752"
"W2062882010","W1498339752"
"W2100279275","W2123295839"
"W2110543478","W1498339752"
"W2179633566","W2123295839"
"W2186861250","W1498339752"
"W2212971947","W1498339752"
"W2276339706","W1498339752"
"W2331690149","W1498339752"
"W2344049991","W1498339752"
"W2399141310","W1498339752"
"W2402941565","W1498339752"
"W2464447799","W1498339752"
"W2492100327","W1498339752"
"W2554882610","W1498339752"
"W2596393913","W1498339752"
"W2622770824","W1498339752"
"W2622770824","W2123295839"
"W2625263655","W1498339752"
"W2625263655","W2123295839"
"W2755621011","W1498339752"
"W2771572696","W1498339752"
"W2794621398","W1498339752"
"W287627754","W1498339752"
"W287627754","W2123295839"
"W2890921533","W1989435151"
"W2902936482","W1498339752"
"W2973618757","W2884459365"
"W3047445221","W1498339752"
"W3129860108","W1498339752"
"W4301797568","W1498339752"
"W4401784879","W1498339752"
"W650685159","W2123295839"
"W80672979","W1498339752"
"W1493261298","W1498339752"
"W1502998858","W1498339752"
"W1511851106","W1498339752"
"W1522650106","W2123295839"
"W1534265879","W1498339752"
"W1583399272","W1498339752"
"W1606737715","W1498339752"
"W172883432","W1498339752"
"W1810808880","W1498339752"
"W1936633951","W1989435151"
"W195612392","W1498339752"
"W1974332493","W2123295839"
"W2003101938","W1498339752"
"W2021393700","W1498339752"
"W2033578950","W1498339752"
"W2055643249","W1498339752"
"W2064606803","W2123295839"
"W2130064427","W1498339752"
"W2166617338","W1498339752"
"W2222080788","W1498339752"
"W2224416248","W2123295839"
"W2258969973","W1498339752"
"W2479684917","W1498339752"
"W2494649415","W1498339752"
"W2503854307","W1498339752"
"W2510061334","W2123295839"
"W2522716780","W1498339752"
"W2524466702","W1498339752"
"W2525921292","W1498339752"
"W2560705505","W1498339752"
"W2560807834","W1498339752"
"W2584012544","W1498339752"
"W2622387314","W1498339752"
"W2622387314","W2123295839"
"W2626794574","W1498339752"
"W2626794574","W2123295839"
"W2721712409","W1498339752"
"W2721712409","W2123295839"
"W2738426164","W1498339752"
"W2738426164","W2123295839"
"W275367337","W1498339752"
"W276498248","W1498339752"
"W2773890950","W1498339752"
"W2781136188","W2123295839"
"W2784513037","W1498339752"
"W2785555187","W1498339752"
"W2793166015","W2123295839"
"W2806111615","W1498339752"
"W2883394294","W1498339752"
"W2893377332","W1498339752"
"W2897855859","W1498339752"
"W2899088755","W1498339752"
"W2905132906","W1498339752"
"W2911284239","W2123295839"
"W2911429683","W2123295839"
"W2984392920","W2123295839"
"W3002160574","W2884459365"
"W3012328919","W1989435151"
"W3014350905","W2123295839"
"W3112547024","W2884459365"
"W3114378099","W2884459365"
"W3184066336","W1498339752"
"W3184066336","W2884459365"
"W3201562793","W2123295839"
"W3201951888","W2123295839"
"W4200004941","W1498339752"
"W4200580444","W2884459365"
"W4206326266","W2123295839"
"W4206498127","W2884459365"
"W4210713845","W1498339752"
"W4249700493","W2123295839"
"W4253740420","W1498339752"
"W4254232980","W2123295839"
"W4283163595","W1989435151"
"W4312193270","W2919820997"
"W4312806648","W2884459365"
"W4365147391","W2884459365"
"W4366594789","W2884459365"
"W4381058650","W1498339752"
"W4388338464","W1498339752"
"W4388338464","W2919820997"
"W72943474","W1498339752"
"W93373435","W1498339752"
"W105696333","W2123295839"
"W140382343","W1498339752"
"W1503101660","W2123295839"
"W1537031392","W1498339752"
"W1544382629","W2123295839"
"W1552430016","W2123295839"
"W155571234","W1498339752"
"W1563467449","W2123295839"
"W1568593779","W2123295839"
"W1578549146","W1498339752"
"W1589898216","W1498339752"
"W1696242853","W1498339752"
"W1737354519","W1498339752"
"W186454558","W1498339752"
"W190112741","W2123295839"
"W1903706471","W1498339752"
"W1970591054","W1498339752"
"W1970591054","W2123295839"
"W1985825785","W1498339752"
"W1991897661","W1498339752"
"W2003705478","W1498339752"
"W203616193","W1498339752"
"W2067333883","W1498339752"
"W2070818174","W1498339752"
"W2106488194","W1498339752"
"W210973257","W1498339752"
"W2148135412","W2123295839"
"W2148761948","W1498339752"
"W2151816968","W1498339752"
"W2181354466","W1498339752"
"W2182017463","W1498339752"
"W2189215415","W1498339752"
"W2226087096","W1498339752"
"W2230573036","W2123295839"
"W2259621516","W1498339752"
"W2259621516","W1989435151"
"W2276041837","W1498339752"
"W2299852170","W2123295839"
"W2326331315","W1498339752"
"W2339946833","W2123295839"
"W2346610268","W1498339752"
"W2477420232","W1498339752"
"W2489569134","W1498339752"
"W2490162046","W1498339752"
"W2492961896","W1498339752"
"W2497802757","W1498339752"
"W2502069580","W1498339752"
"W2502508791","W1498339752"
"W2503508263","W1498339752"
"W2519294873","W1498339752"
"W2519576826","W2123295839"
"W2524678145","W1498339752"
"W2524678145","W1989435151"
"W2526839888","W1498339752"
"W2553928750","W2123295839"
"W2565967761","W1498339752"
"W2604926610","W1989435151"
"W2623841666","W1498339752"
"W2623841666","W2123295839"
"W2626755425","W1498339752"
"W2626755425","W2123295839"
"W2638456221","W1498339752"
"W2638456221","W2123295839"
"W2769600544","W1498339752"
"W2778117030","W1498339752"
"W2784568831","W1498339752"
"W2793249262","W1498339752"
"W2793935329","W1498339752"
"W2796537816","W1989435151"
"W2810548235","W1498339752"
"W2884188241","W1498339752"
"W2886942163","W1498339752"
"W2905491258","W1498339752"
"W2914311489","W1989435151"
"W2944414506","W1498339752"
"W2962836435","W1498339752"
"W2973521315","W2123295839"
"W2974164173","W2884459365"
"W2974678256","W2884459365"
"W2999983419","W2123295839"
"W3009215330","W1498339752"
"W3011061631","W1498339752"
"W3026764873","W1498339752"
"W3044954719","W1498339752"
"W3045145166","W1989435151"
"W3080171997","W1989435151"
"W3088962862","W2123295839"
"W3090841347","W1498339752"
"W3091777830","W2123295839"
"W3097416046","W1498339752"
"W3113448975","W1989435151"
"W3155768202","W1498339752"
"W3163913617","W1989435151"
"W3175720741","W1498339752"
"W3195263293","W2123295839"
"W4210687774","W2123295839"
"W4210986080","W1498339752"
"W4213069143","W1498339752"
"W4213316287","W2123295839"
"W4224280190","W1498339752"
"W4224280190","W2919820997"
"W4224306799","W1498339752"
"W4224306799","W2919820997"
"W4226471817","W1989435151"
"W4239638744","W1498339752"
"W4248357225","W1498339752"
"W4256587544","W1498339752"
"W4292060308","W1498339752"
"W4292411115","W2123295839"
"W4292457503","W1989435151"
"W4292457503","W2919820997"
"W4296375679","W1498339752"
"W4302373019","W1989435151"
"W4302620981","W1989435151"
"W4311820090","W2884459365"
"W4317209105","W2884459365"
"W4317931182","W2123295839"
"W4318682979","W1498339752"
"W4328021785","W1498339752"
"W4380372117","W2884459365"
"W4383112378","W2919820997"
"W4386828187","W2123295839"
"W4387120376","W1498339752"
"W4388379170","W1989435151"
"W4389791909","W2919820997"
"W4390016725","W1498339752"
"W4390343168","W1498339752"
"W4393222965","W2123295839"
"W4398251246","W1498339752"
"W840311061","W1498339752"
"W1449100532","W1498339752"
"W1735580162","W1498339752"
"W2183046480","W1498339752"
"W2588833893","W2123295839"
"W2792580295","W1498339752"
"W2892213923","W2123295839"
"W3026107888","W1498339752"
"W3186197712","W1498339752"
"W4302389097","W1498339752"
"W2483961605","W1498339752"
"W2797202416","W2123295839"
"W2914696383","W1498339752"
"W2604584490","W2123295839"
"W2511847490","W2123295839"
"W2099273014","W2123295839"
"W2923153211","W2123295839"
"W2781670047","W2123295839"
"W2134002879","W2123295839"
"W2884418918","W1989435151"
"W4210962993","W1498339752"
"W45409534","W1498339752"
"W65818732","W1498339752"
"W2103094896","W2123295839"
"W3122873905","W2123295839"
"W3122773385","W2123295839"
"W2243625314","W1989435151"
"W1674349757","W1498339752"
"W3136201679","W1989435151"
"W4290943727","W1498339752"
"W2612544790","W1498339752"
"W178400874","W2123295839"
"W2105430520","W2123295839"
"W4211134257","W1498339752"
"W1917134622","W1989435151"
"W611449171","W1498339752"
"W53924778","W1498339752"
"W2137637698","W1498339752"
"W2560928351","W2123295839"
"W2198008757","W2123295839"
"W1527011042","W1498339752"
"W2771425905","W1989435151"
"W2737312956","W1989435151"
"W3185386146","W1498339752"
"W1485181311","W2123295839"
"W2266274674","W2123295839"
"W2131674041","W1498339752"
"W2585636274","W2123295839"
"W4246160699","W1498339752"
"W1499954259","W2123295839"
"W1890592572","W1498339752"
"W2199003452","W1498339752"
"W2288560228","W1498339752"
"W2338032236","W2123295839"
"W2769017101","W1989435151"
"W3122601267","W2123295839"
"W144868849","W1498339752"
"W1564853606","W2123295839"
"W181240433","W2123295839"
"W2043095560","W1498339752"
"W2152575071","W1498339752"
"W2276041485","W1498339752"
"W2283059685","W1498339752"
"W2297253538","W1498339752"
"W2727356642","W1498339752"
"W2763324703","W2123295839"
"W3035857251","W2123295839"
"W780149344","W1498339752"
"W80324652","W1498339752"
"W1525775398","W1498339752"
"W1764638186","W2123295839"
"W2410215186","W1498339752"
"W2485169197","W1498339752"
"W2752726169","W1989435151"
"W3039366914","W2919820997"
"W3173515602","W2884459365"
"W4233596581","W1498339752"
"W45636641","W2123295839"
"W800963653","W1498339752"
"W96394889","W1498339752"
"W1488851418","W1498339752"
"W1523903480","W1498339752"
"W1525335899","W1498339752"
"W1539371253","W2123295839"
"W2018738011","W2123295839"
"W2105145361","W1498339752"
"W2117547643","W2123295839"
"W2143615448","W2123295839"
"W2157945970","W1498339752"
"W2171865344","W1498339752"
"W2264083729","W1498339752"
"W2354732899","W1498339752"
"W2585039992","W1498339752"
"W2595962505","W1498339752"
"W2789972952","W2123295839"
"W3125966375","W1498339752"
"W3153782298","W2123295839"
"W3196396159","W2123295839"
"W4211118955","W1498339752"
"W4236656862","W1498339752"
"W4241045207","W1498339752"
"W4387932222","W2884459365"
"W4394882848","W2123295839"
"W117067413","W1498339752"
"W1501486295","W1498339752"
"W1530213690","W1498339752"
"W1552742799","W1498339752"
"W1592724928","W1498339752"
"W159432547","W1498339752"
"W1598996725","W1498339752"
"W1605396434","W1498339752"
"W1918742437","W1498339752"
"W2059271463","W1498339752"
"W206160175","W2123295839"
"W2119609115","W1498339752"
"W2134426251","W2123295839"
"W2181685822","W1498339752"
"W2189108069","W2123295839"
"W2196734238","W2123295839"
"W2209342238","W2123295839"
"W2224417498","W2123295839"
"W2240554357","W1498339752"
"W2270226310","W2123295839"
"W2287684751","W2123295839"
"W2289349938","W2123295839"
"W2397595702","W2123295839"
"W2461455480","W1498339752"
"W2477529019","W1498339752"
"W2492962068","W1498339752"
"W2528972342","W2123295839"
"W2791006253","W1498339752"
"W2793542498","W1498339752"
"W2950510113","W2123295839"
"W3042194709","W1498339752"
"W3088021696","W2123295839"
"W3124773632","W1498339752"
"W3124878739","W1498339752"
"W4205329439","W2123295839"
"W4206348972","W2123295839"
"W4210968703","W1498339752"
"W4210983536","W2123295839"
"W4212823697","W2123295839"
"W4230218840","W1498339752"
"W4242593334","W1498339752"
"W4290944256","W1498339752"
"W4293808608","W2919820997"
"W4390963963","W1989435151"
"W4400576512","W1498339752"
"W4400963171","W1498339752"
"W4401632638","W1498339752"
"W590858020","W1498339752"
"W59571412","W1498339752"
"W933819261","W2123295839"
"W102164537","W2123295839"
"W103419900","W1498339752"
"W103545310","W2123295839"
"W104164860","W2123295839"
"W106820932","W2123295839"
"W1197321203","W1498339752"
"W124045465","W1498339752"
"W1480699617","W2123295839"
"W148138695","W2123295839"
"W1486688343","W1498339752"
"W1488823061","W1498339752"
"W1489459535","W1498339752"
"W1493902095","W1498339752"
"W1502534353","W2123295839"
"W151667695","W1498339752"
"W1516892603","W2123295839"
"W1518961914","W2123295839"
"W1519387578","W2123295839"
"W1536218770","W1498339752"
"W1538569575","W1498339752"
"W1551041057","W1498339752"
"W1557844595","W1498339752"
"W1559148928","W1498339752"
"W1560388974","W2123295839"
"W1564182013","W1498339752"
"W1571359161","W1498339752"
"W1575104269","W1498339752"
"W1575108659","W1498339752"
"W1586329527","W1498339752"
"W1590641144","W2123295839"
"W1591654698","W1498339752"
"W1633190702","W1498339752"
"W1635406552","W1498339752"
"W1639021170","W1498339752"
"W166964200","W2123295839"
"W176152802","W1498339752"
"W17768297","W2123295839"
"W1796481275","W1498339752"
"W1824124221","W1498339752"
"W1826082793","W1989435151"
"W182817267","W2123295839"
"W1844446763","W2123295839"
"W1869241308","W1498339752"
"W1886717359","W1498339752"
"W1896577596","W1498339752"
"W192070935","W1498339752"
"W192070935","W2123295839"
"W1922691680","W2123295839"
"W192624913","W2123295839"
"W193885545","W2123295839"
"W1952022518","W2123295839"
"W1979966912","W1498339752"
"W2010961080","W1498339752"
"W2048753459","W1498339752"
"W20854663","W1498339752"
"W2085833654","W1498339752"
"W2099324572","W2123295839"
"W2099801930","W1498339752"
"W2108660672","W1498339752"
"W2116376276","W1498339752"
"W2119999562","W1498339752"
"W2122108625","W1498339752"
"W2123221362","W2123295839"
"W2124266506","W2123295839"
"W2124670953","W1498339752"
"W2125664111","W1498339752"
"W2128644599","W2123295839"
"W2130038166","W1498339752"
"W2133350382","W1498339752"
"W2144591097","W1498339752"
"W2146285200","W1498339752"
"W2147315626","W1498339752"
"W2147479146","W2123295839"
"W2150895638","W2123295839"
"W2151026987","W2123295839"
"W2162309656","W2123295839"
"W2181406193","W2123295839"
"W2183460128","W1989435151"
"W2183525331","W1498339752"
"W2183782518","W1498339752"
"W2184041382","W1498339752"
"W2185391272","W1498339752"
"W2186379959","W2123295839"
"W2187262164","W1498339752"
"W2187619366","W1498339752"
"W2188229426","W1498339752"
"W2188641664","W2123295839"
"W2188908426","W1498339752"
"W2206872546","W1498339752"
"W2210018001","W1498339752"
"W2210482467","W2123295839"
"W2220049745","W2123295839"
"W2220909486","W2123295839"
"W2220988649","W2123295839"
"W2226710912","W1498339752"
"W2233378233","W2123295839"
"W2237475529","W2123295839"
"W2239254677","W1498339752"
"W2244868420","W1498339752"
"W2253941446","W1498339752"
"W2259696209","W1498339752"
"W2266373296","W1498339752"
"W2270083429","W1498339752"
"W2271681511","W2123295839"
"W2280590604","W2123295839"
"W2284945798","W1498339752"
"W2285481791","W2123295839"
"W2288271477","W1498339752"
"W2288820342","W2123295839"
"W2289884873","W1498339752"
"W2290694085","W1498339752"
"W2295864624","W1498339752"
"W2309001825","W1498339752"
"W2314043211","W1498339752"
"W2327584396","W2123295839"
"W2328016651","W2123295839"
"W2330404233","W1498339752"
"W2336319486","W1498339752"
"W2337688297","W2123295839"
"W2337814391","W1498339752"
"W2337822652","W1498339752"
"W2339129439","W1498339752"
"W2340074902","W2123295839"
"W2341846834","W1498339752"
"W2346996139","W1498339752"
"W2361553550","W1498339752"
"W2396164806","W1498339752"
"W2399192348","W1498339752"
"W2401455779","W1498339752"
"W2402693983","W1498339752"
"W2409136031","W2123295839"
"W2410721708","W2123295839"
"W2417673232","W1989435151"
"W2418929833","W2123295839"
"W2461897595","W1498339752"
"W2468613274","W1989435151"
"W2470356337","W1498339752"
"W2470680822","W1498339752"
"W2472817494","W1989435151"
"W2476489556","W2123295839"
"W2477731035","W2123295839"
"W2478843507","W2123295839"
"W2478969105","W1498339752"
"W2479986909","W1498339752"
"W2480730706","W1498339752"
"W2480822855","W1498339752"
"W2481152564","W2123295839"
"W2481674841","W1498339752"
"W2481888073","W1498339752"
"W2481955403","W1498339752"
"W2482563658","W1498339752"
"W2484409355","W2123295839"
"W2485560983","W1498339752"
"W2486691502","W1498339752"
"W2487063152","W1498339752"
"W2488023394","W1498339752"
"W2488310871","W1498339752"
"W2489041609","W1498339752"
"W2489184917","W1498339752"
"W2490190812","W1498339752"
"W2491518294","W1498339752"
"W2492470060","W1498339752"
"W2493128415","W1498339752"
"W2493494647","W1498339752"
"W2494013639","W1498339752"
"W2494249382","W1498339752"
"W2495564695","W1498339752"
"W2495738467","W1498339752"
"W2498850404","W1498339752"
"W2499881604","W1498339752"
"W2500806996","W1498339752"
"W2502231997","W2123295839"
"W2502451026","W2123295839"
"W2502781641","W1498339752"
"W2502782829","W1498339752"
"W2503106972","W1498339752"
"W2504449941","W2123295839"
"W2505450555","W2123295839"
"W2505762249","W1498339752"
"W2505793864","W1498339752"
"W2506123070","W1498339752"
"W2506405222","W1498339752"
"W2506409369","W1498339752"
"W2513816458","W2123295839"
"W2516067593","W2123295839"
"W2516236879","W2123295839"
"W2518732102","W1498339752"
"W2519748502","W2123295839"
"W2519922812","W1498339752"
"W2520146699","W1498339752"
"W2521616195","W1498339752"
"W2522984891","W1498339752"
"W2525748130","W1498339752"
"W2526098023","W1498339752"
"W2528993519","W2123295839"
"W2541199419","W1498339752"
"W2542870211","W1498339752"
"W2548149010","W1498339752"
"W2549259445","W1989435151"
"W2550282792","W1498339752"
"W2556488095","W2123295839"
"W2558928419","W2123295839"
"W2561191798","W1498339752"
"W2562186748","W1498339752"
"W2570712401","W1498339752"
"W2587196269","W1498339752"
"W2588566120","W1498339752"
"W2594109686","W1498339752"
"W2598539030","W2123295839"
"W2598590299","W1498339752"
"W2604938931","W2123295839"
"W2607185740","W1498339752"
"W2616715488","W1498339752"
"W2621519648","W2123295839"
"W265751430","W1498339752"
"W2678606790","W1498339752"
"W2678606790","W2123295839"
"W267956085","W2123295839"
"W2724415521","W1498339752"
"W2725943353","W1498339752"
"W2738876119","W1498339752"
"W2739501519","W1498339752"
"W2740586959","W1498339752"
"W2740741115","W1498339752"
"W2741794266","W1498339752"
"W2741888934","W2123295839"
"W2742073038","W1498339752"
"W2745841079","W1989435151"
"W2751415775","W1989435151"
"W2752426094","W1498339752"
"W2755442146","W2123295839"
"W2755502178","W1989435151"
"W275845975","W1498339752"
"W2767808657","W1498339752"
"W2769038452","W1498339752"
"W276948547","W2123295839"
"W2776697684","W1498339752"
"W2777486146","W1989435151"
"W2780394133","W1989435151"
"W2780777294","W2123295839"
"W2780784008","W2123295839"
"W2781684451","W1498339752"
"W2787819452","W1498339752"
"W2791307846","W1498339752"
"W2791768274","W1498339752"
"W2791991231","W2123295839"
"W2792649917","W2123295839"
"W2802929099","W2123295839"
"W2804500400","W1498339752"
"W2807250219","W2123295839"
"W2819758998","W2123295839"
"W2858127173","W1498339752"
"W2891278014","W1498339752"
"W2894157876","W1498339752"
"W2895951819","W1498339752"
"W2897798247","W1498339752"
"W2898442486","W1498339752"
"W2913105403","W2123295839"
"W2913120436","W2884459365"
"W2916168432","W1498339752"
"W2936846466","W1989435151"
"W2945157361","W1498339752"
"W2945475565","W1498339752"
"W2947652393","W2123295839"
"W2950659811","W2123295839"
"W2952774442","W2123295839"
"W2954752380","W1498339752"
"W2962788375","W1498339752"
"W2966859395","W2123295839"
"W2969640664","W2123295839"
"W2970365279","W1498339752"
"W2970984156","W1498339752"
"W2971203997","W1498339752"
"W2973558191","W2884459365"
"W2973596146","W2884459365"
"W2973628069","W2884459365"
"W2973705712","W2884459365"
"W2973739264","W2884459365"
"W2973855666","W2884459365"
"W2974617814","W2884459365"
"W2974650018","W2884459365"
"W2988496905","W1498339752"
"W2991218687","W1498339752"
"W2992595714","W1498339752"
"W2993952439","W2123295839"
"W2998618682","W1498339752"
"W2999834204","W2123295839"
"W3014555479","W2123295839"
"W3014661768","W2123295839"
"W3014737876","W1498339752"
"W3015426909","W2123295839"
"W3015802251","W2123295839"
"W3021015180","W2123295839"
"W3021925141","W2123295839"
"W302475012","W2123295839"
"W30255713","W1498339752"
"W3033176652","W1498339752"
"W3034911610","W1498339752"
"W3037821765","W1498339752"
"W3048627360","W2919820997"
"W3081946184","W2123295839"
"W3083824532","W1498339752"
"W3084070147","W2123295839"
"W3089067277","W1498339752"
"W3093479607","W2123295839"
"W3093639475","W2123295839"
"W3093699796","W2123295839"
"W3093706985","W2123295839"
"W3093724697","W2123295839"
"W3093860934","W2123295839"
"W3093929939","W2123295839"
"W3093985634","W2123295839"
"W3094112851","W2123295839"
"W3094123053","W2123295839"
"W3094215912","W2123295839"
"W3094258668","W2123295839"
"W3094269586","W2123295839"
"W3094510272","W2123295839"
"W3094526581","W2123295839"
"W3094616273","W2123295839"
"W3094917190","W1498339752"
"W3107126591","W1498339752"
"W3111715975","W1989435151"
"W3118673321","W1498339752"
"W3119429993","W1989435151"
"W3121136803","W1498339752"
"W3121221053","W1498339752"
"W3122622019","W1498339752"
"W3122682580","W1498339752"
"W3123585059","W1498339752"
"W3123921875","W1498339752"
"W3123975248","W2123295839"
"W3124193572","W1498339752"
"W3124414706","W1498339752"
"W3124481965","W1498339752"
"W3125390075","W1498339752"
"W3132072182","W2919820997"
"W3132880101","W2919820997"
"W3135122976","W2919820997"
"W3135589662","W2123295839"
"W3136028268","W2884459365"
"W3139950316","W1989435151"
"W3142116077","W1989435151"
"W3143338278","W2123295839"
"W3143928983","W2123295839"
"W3145019025","W1989435151"
"W3145551838","W2123295839"
"W3146664633","W1989435151"
"W3146967386","W1498339752"
"W3148322149","W1498339752"
"W3148537909","W1989435151"
"W3148589078","W2123295839"
"W3149546053","W2123295839"
"W3150203687","W1498339752"
"W3152924642","W1498339752"
"W3153710018","W2123295839"
"W3154195707","W2123295839"
"W3156705564","W1989435151"
"W3157170043","W1498339752"
"W3159614231","W1498339752"
"W3160059334","W1989435151"
"W3160155058","W1498339752"
"W3160990705","W2123295839"
"W3161332088","W2123295839"
"W3161873102","W1498339752"
"W3161962559","W1989435151"
"W3161996813","W1989435151"
"W3162249828","W2919820997"
"W3163278289","W2123295839"
"W3163746953","W2123295839"
"W3163775563","W1989435151"
"W3164731874","W1498339752"
"W3165994892","W2123295839"
"W3166511030","W2123295839"
"W3167147404","W2123295839"
"W3167215791","W2884459365"
"W3167410710","W2123295839"
"W3167469115","W2123295839"
"W3168079787","W1989435151"
"W3168127706","W2123295839"
"W3168879469","W2123295839"
"W3169566575","W1498339752"
"W3169661347","W1498339752"
"W3169926199","W1498339752"
"W3170178338","W2123295839"
"W3170425813","W2123295839"
"W3170598552","W1498339752"
"W3171735241","W1498339752"
"W3171846762","W2123295839"
"W3172100664","W1989435151"
"W3172318345","W2123295839"
"W3172322485","W2123295839"
"W3172553268","W2123295839"
"W3173104388","W2123295839"
"W3174189791","W1498339752"
"W3175810717","W1498339752"
"W3176831839","W1498339752"
"W3177323129","W2123295839"
"W3181188970","W1498339752"
"W3182742180","W2884459365"
"W3183469845","W1498339752"
"W3183725154","W1989435151"
"W3188927625","W1989435151"
"W3191748426","W1498339752"
"W3193153643","W2123295839"
"W3196640974","W1498339752"
"W3197028296","W2123295839"
"W3197145805","W1989435151"
"W3199073865","W1498339752"
"W3199148125","W2123295839"
"W3199249085","W1498339752"
"W3199803195","W1498339752"
"W3199938909","W2884459365"
"W3200011082","W1498339752"
"W3200119980","W2123295839"
"W3200123408","W2123295839"
"W3200321472","W2123295839"
"W3200507353","W2123295839"
"W3200925495","W1498339752"
"W3201077093","W1498339752"
"W3201189473","W1498339752"
"W3201511996","W2123295839"
"W3201575612","W2123295839"
"W3201634580","W1498339752"
"W3202729670","W1498339752"
"W3202900557","W1498339752"
"W3202900557","W2123295839"
"W3204537308","W1498339752"
"W3212588854","W2123295839"
"W3213573030","W2123295839"
"W3213748942","W2123295839"
"W3214197465","W1498339752"
"W3216443495","W1498339752"
"W359393058","W1498339752"
"W41791165","W1498339752"
"W4200033510","W2919820997"
"W4200218555","W1498339752"
"W4205323204","W2123295839"
"W4205631128","W2123295839"
"W4205672807","W2123295839"
"W4205876837","W2123295839"
"W4205922176","W1498339752"
"W4206036815","W2123295839"
"W4206222276","W1498339752"
"W4206242051","W2123295839"
"W4206247266","W2123295839"
"W4206452896","W2123295839"
"W4206461979","W2123295839"
"W4206510098","W2123295839"
"W4206576308","W2123295839"
"W4206576479","W2123295839"
"W4206655579","W2123295839"
"W4207021313","W1498339752"
"W4210745369","W2123295839"
"W4210750182","W1498339752"
"W4210955097","W1498339752"
"W4210958132","W1498339752"
"W4210959234","W1498339752"
"W4210968270","W1498339752"
"W4210970290","W2123295839"
"W4210970820","W2123295839"
"W4210971813","W1498339752"
"W4210974659","W2123295839"
"W4210984330","W2123295839"
"W4210985186","W2123295839"
"W4210990101","W1498339752"
"W4210991665","W1498339752"
"W4210995321","W2123295839"
"W4211004061","W1498339752"
"W4211005810","W2123295839"
"W4211014094","W1498339752"
"W4211017901","W1498339752"
"W4211019254","W1989435151"
"W4211030156","W1498339752"
"W4211031724","W1498339752"
"W4211037820","W1498339752"
"W4211039849","W1498339752"
"W4211053537","W2123295839"
"W4211054046","W1989435151"
"W4211054215","W2123295839"
"W4211055241","W2123295839"
"W4211055407","W1498339752"
"W4211056345","W1498339752"
"W4211056352","W2123295839"
"W4211056642","W1498339752"
"W4211057536","W1498339752"
"W4211060325","W2123295839"
"W4211062809","W2123295839"
"W4211065234","W1498339752"
"W4211072558","W2123295839"
"W4211082711","W2123295839"
"W4211083476","W1498339752"
"W4211084198","W1498339752"
"W4211084291","W2123295839"
"W4211085078","W1498339752"
"W4211085233","W1498339752"
"W4211098831","W1498339752"
"W4211102953","W1498339752"
"W4211104280","W1498339752"
"W4211105241","W1498339752"
"W4211105978","W1989435151"
"W4211107826","W2123295839"
"W4211111255","W2123295839"
"W4211112567","W2123295839"
"W4211118573","W2123295839"
"W4211125527","W1498339752"
"W4211128525","W2123295839"
"W4211129443","W1498339752"
"W4211131127","W1989435151"
"W4211136493","W1498339752"
"W4211141299","W1498339752"
"W4211143145","W2123295839"
"W4211149238","W2123295839"
"W4211155059","W2123295839"
"W4211158261","W2123295839"
"W4211158311","W2123295839"
"W4211158965","W1498339752"
"W4211159960","W2123295839"
"W4211160512","W2123295839"
"W4211164893","W2123295839"
"W4211165657","W2123295839"
"W4211166510","W2123295839"
"W4211173058","W1498339752"
"W4211174019","W2123295839"
"W4211177618","W2123295839"
"W4211178294","W2123295839"
"W4211184572","W1498339752"
"W4211186068","W2123295839"
"W4211187766","W1498339752"
"W4211195049","W1498339752"
"W4211195341","W2123295839"
"W4211209005","W1498339752"
"W4211211299","W1498339752"
"W4211212210","W1498339752"
"W4211213551","W1498339752"
"W4211229780","W1498339752"
"W4211230419","W1498339752"
"W4211230610","W2123295839"
"W4211231047","W2123295839"
"W4211235383","W2123295839"
"W4211239545","W1498339752"
"W4211240907","W1498339752"
"W4211241503","W1498339752"
"W4211246509","W1498339752"
"W4211246532","W1498339752"
"W4211248532","W1498339752"
"W4211254361","W1498339752"
"W4211257829","W1498339752"
"W4211258184","W1498339752"
"W4211261362","W1498339752"
"W4211261362","W1989435151"
"W4211261405","W2123295839"
"W4211264025","W1498339752"
"W4211264087","W1498339752"
"W4213148749","W1498339752"
"W4213191446","W1989435151"
"W4213191446","W2123295839"
"W4213391107","W1498339752"
"W4214613291","W2123295839"
"W4224210447","W1498339752"
"W4224210447","W2919820997"
"W4224245175","W1498339752"
"W4224245175","W2919820997"
"W4224295598","W1498339752"
"W4224295598","W2919820997"
"W4230704342","W1498339752"
"W4233300313","W2884459365"
"W4233614867","W1498339752"
"W4233622696","W2123295839"
"W4233986851","W2123295839"
"W4235446106","W1498339752"
"W4235538198","W2123295839"
"W4235590102","W1498339752"
"W4236050751","W1498339752"
"W4236051257","W1498339752"
"W4237235915","W1498339752"
"W4237377998","W2123295839"
"W4237517937","W1989435151"
"W4237535250","W1498339752"
"W4237608524","W2123295839"
"W4237828579","W2123295839"
"W4237902679","W1498339752"
"W4238020385","W2123295839"
"W4239071717","W2123295839"
"W4239838462","W1498339752"
"W4240482376","W1498339752"
"W4243072934","W1498339752"
"W4243088384","W2123295839"
"W4243257563","W1989435151"
"W4244258291","W1498339752"
"W4244746024","W2123295839"
"W4246134217","W1498339752"
"W4246274354","W2123295839"
"W4246389695","W2123295839"
"W4246683226","W2123295839"
"W4247441176","W1498339752"
"W4249066798","W1498339752"
"W4249515255","W2123295839"
"W4250241608","W2123295839"
"W4251959025","W1498339752"
"W4252132734","W1498339752"
"W4252449166","W2123295839"
"W4253295617","W1498339752"
"W4253416252","W1498339752"
"W4253748278","W2123295839"
"W4254062719","W1498339752"
"W4255013369","W2123295839"
"W4256429255","W1498339752"
"W4256466551","W1498339752"
"W4280500768","W2123295839"
"W4280598555","W1498339752"
"W4283025648","W2884459365"
"W4285172807","W1498339752"
"W4285200282","W2884459365"
"W4285207545","W1498339752"
"W4285211868","W2884459365"
"W4285302092","W1498339752"
"W4285412272","W2884459365"
"W4289540083","W1498339752"
"W4290849386","W1498339752"
"W4290849660","W1498339752"
"W4290849819","W1498339752"
"W4290849876","W1498339752"
"W4290849884","W1498339752"
"W4290849925","W1498339752"
"W4290849929","W1498339752"
"W4290849945","W1498339752"
"W4290849948","W1498339752"
"W4290849984","W1498339752"
"W4290850053","W1498339752"
"W4290850072","W1498339752"
"W4290850105","W1498339752"
"W4290850113","W1498339752"
"W4290850123","W1498339752"
"W4290850130","W1498339752"
"W4290850134","W1498339752"
"W4290850144","W1498339752"
"W4290850199","W1498339752"
"W4290875178","W1498339752"
"W4290875178","W2123295839"
"W4290875494","W1498339752"
"W4290875494","W2123295839"
"W4290876613","W1498339752"
"W4290876613","W2123295839"
"W4290876891","W1498339752"
"W4290876891","W2123295839"
"W4290877119","W1498339752"
"W4290877119","W2123295839"
"W4290878228","W1498339752"
"W4290878312","W1498339752"
"W4290878326","W1498339752"
"W4290878338","W1498339752"
"W4290878752","W1498339752"
"W4290879255","W1498339752"
"W4290943450","W1498339752"
"W4290943618","W1498339752"
"W4290943853","W1498339752"
"W4290943936","W1498339752"
"W4290943978","W1498339752"
"W4290943983","W1498339752"
"W4290943998","W1498339752"
"W4290944326","W1498339752"
"W4290945565","W1498339752"
"W4290945848","W1498339752"
"W4292505837","W2123295839"
"W4292615907","W2919820997"
"W4293063618","W1498339752"
"W4293752445","W2123295839"
"W4293808598","W2919820997"
"W4293808603","W2919820997"
"W4293808604","W2919820997"
"W4293808675","W2919820997"
"W4293808701","W2919820997"
"W4293831398","W2919820997"
"W4293831399","W2919820997"
"W4293831402","W2919820997"
"W4293831416","W2919820997"
"W4293831428","W2919820997"
"W4293831453","W2919820997"
"W4293831469","W2919820997"
"W4296065787","W1498339752"
"W4296623376","W1498339752"
"W4296623401","W1498339752"
"W4296623404","W1498339752"
"W4296623414","W1498339752"
"W4296623450","W1498339752"
"W4296623657","W1498339752"
"W4296623689","W1498339752"
"W4296626077","W1498339752"
"W4296626106","W1498339752"
"W4296626124","W1498339752"
"W4296626154","W1498339752"
"W4296626304","W1498339752"
"W4296626368","W1498339752"
"W4296626416","W1498339752"
"W4296626460","W1498339752"
"W4296626468","W1498339752"
"W4296626479","W1498339752"
"W4296626486","W1498339752"
"W4296626497","W1498339752"
"W4296626521","W1498339752"
"W4297616342","W1498339752"
"W4297616345","W1498339752"
"W4297616346","W1498339752"
"W4297616348","W1498339752"
"W4297616354","W1498339752"
"W4297616365","W1498339752"
"W4297616396","W1498339752"
"W4297898116","W1498339752"
"W4297898137","W1498339752"
"W4297898203","W1498339752"
"W4297917363","W2123295839"
"W4298238191","W1498339752"
"W4298302573","W1498339752"
"W4298302573","W2123295839"
"W4298855031","W1498339752"
"W4299480856","W1498339752"
"W4299520873","W1498339752"
"W4299520873","W2123295839"
"W4299555112","W1498339752"
"W4299606715","W1498339752"
"W4299606715","W2123295839"
"W4300201702","W1498339752"
"W4300201702","W2123295839"
"W4300415962","W1498339752"
"W4300415962","W2123295839"
"W4300419600","W1498339752"
"W4300419600","W2123295839"
"W4300718647","W1498339752"
"W4300718647","W2123295839"
"W4300723588","W1498339752"
"W4300954013","W1498339752"
"W4301942296","W1498339752"
"W4302384220","W1498339752"
"W4302414962","W1498339752"
"W4302415456","W1498339752"
"W4302415456","W2123295839"
"W4302572256","W1498339752"
"W4302572256","W2123295839"
"W4307260700","W1989435151"
"W4312192561","W1498339752"
"W4312360056","W1498339752"
"W4312372757","W2919820997"
"W4312641632","W1498339752"
"W4312641632","W2884459365"
"W4312797488","W2884459365"
"W4312901758","W1498339752"
"W4313187216","W2919820997"
"W4319156464","W1498339752"
"W4319779945","W1498339752"
"W4319779945","W1989435151"
"W4321106234","W1498339752"
"W4321614171","W2123295839"
"W4322576140","W2123295839"
"W4323907588","W2919820997"
"W4361247854","W2123295839"
"W4361247915","W2123295839"
"W4366189831","W1498339752"
"W4366189831","W2919820997"
"W4366189857","W1498339752"
"W4366189857","W2919820997"
"W4366189898","W1498339752"
"W4366189898","W2919820997"
"W4366189941","W1498339752"
"W4366189941","W2919820997"
"W4366189953","W1498339752"
"W4366189953","W2919820997"
"W4366960771","W1498339752"
"W4366961179","W1498339752"
"W4366961179","W2919820997"
"W4375827639","W1498339752"
"W4375827744","W1498339752"
"W4380885692","W2884459365"
"W4383504785","W1498339752"
"W4383684762","W1498339752"
"W4384519749","W1498339752"
"W4386470464","W2884459365"
"W4386695457","W2123295839"
"W4387006598","W1989435151"
"W4387521490","W1498339752"
"W4387769962","W1989435151"
"W4388028212","W1498339752"
"W4388038087","W1498339752"
"W4388429116","W2884459365"
"W4388542770","W2919820997"
"W4388564950","W2123295839"
"W4388629336","W2123295839"
"W4388633425","W2123295839"
"W4388657698","W1498339752"
"W4388657879","W1498339752"
"W4388671106","W2123295839"
"W4388704061","W1989435151"
"W4388958981","W2123295839"
"W4388958985","W2123295839"
"W4388958992","W2123295839"
"W4388959016","W2123295839"
"W4388959022","W2123295839"
"W4388959029","W2123295839"
"W4388959036","W2123295839"
"W4388959053","W2123295839"
"W4388959063","W2123295839"
"W4388959072","W2123295839"
"W4388959112","W2123295839"
"W4388959137","W2123295839"
"W4388959143","W2123295839"
"W4388959166","W2123295839"
"W4388959202","W2123295839"
"W4388959225","W2123295839"
"W4388959273","W2123295839"
"W4388959315","W2123295839"
"W4388959325","W2123295839"
"W4388959346","W2123295839"
"W4389317409","W1498339752"
"W4389727054","W1498339752"
"W4389732080","W2123295839"
"W4389749518","W1498339752"
"W4389749527","W1498339752"
"W4389749556","W1498339752"
"W4389749600","W1498339752"
"W4389749820","W1498339752"
"W4389749853","W1498339752"
"W4389762885","W1498339752"
"W4389764511","W1498339752"
"W4389764545","W1498339752"
"W4389764548","W1498339752"
"W4389764549","W1498339752"
"W4389764557","W1498339752"
"W4389764567","W1498339752"
"W4389766524","W1498339752"
"W4390963881","W1989435151"
"W4390963895","W1989435151"
"W4390963897","W1989435151"
"W4390963899","W1989435151"
"W4390963900","W1989435151"
"W4390963921","W1989435151"
"W4390963928","W1989435151"
"W4390963934","W1989435151"
"W4390963939","W1989435151"
"W4390963942","W1989435151"
"W4390963950","W1989435151"
"W4390963951","W1989435151"
"W4390963966","W1989435151"
"W4390963967","W1989435151"
"W4390963970","W1989435151"
"W4390963974","W1989435151"
"W4390963978","W1989435151"
"W4390963986","W1989435151"
"W4390964054","W1989435151"
"W4390964095","W1989435151"
"W4391426324","W1498339752"
"W4391513024","W2123295839"
"W4391777412","W1498339752"
"W4391782580","W1498339752"
"W4392043908","W1498339752"
"W4392044031","W1498339752"
"W4392044337","W1498339752"
"W4392044613","W1498339752"
"W4392058374","W1498339752"
"W4392058399","W1498339752"
"W4392058425","W1498339752"
"W4392058427","W1498339752"
"W4392078100","W1498339752"
"W4392078101","W1498339752"
"W4392078187","W1498339752"
"W4392078338","W1498339752"
"W4392082156","W1498339752"
"W4392937120","W1498339752"
"W4393051284","W1989435151"
"W4393051306","W1989435151"
"W4393051321","W1989435151"
"W4393059424","W1989435151"
"W4393059568","W1989435151"
"W4393059711","W1989435151"
"W4393059785","W1989435151"
"W4393060463","W1989435151"
"W4393061377","W1989435151"
"W4393061929","W1989435151"
"W4393115221","W2123295839"
"W4393148352","W1989435151"
"W4393380787","W2884459365"
"W4394730170","W2123295839"
"W4394970234","W2123295839"
"W4396674951","W2123295839"
"W4396864259","W2123295839"
"W4396864274","W2123295839"
"W4396864336","W2123295839"
"W4396865164","W1498339752"
"W4396879802","W1498339752"
"W4396879813","W1498339752"
"W4396884833","W1498339752"
"W4396930486","W1498339752"
"W4396930557","W1498339752"
"W4396931928","W2884459365"
"W4396931967","W2884459365"
"W4396932010","W2884459365"
"W4396932101","W2884459365"
"W4397026884","W2123295839"
"W4398246814","W1498339752"
"W4398246816","W1498339752"
"W4398246826","W1498339752"
"W4398247839","W1498339752"
"W4398247852","W1498339752"
"W4398251207","W1498339752"
"W4398251215","W1498339752"
"W4398251237","W1498339752"
"W4398251255","W1498339752"
"W4398251260","W1498339752"
"W4398251388","W1498339752"
"W4398251484","W1498339752"
"W4398251554","W1498339752"
"W4398251639","W1498339752"
"W4398254988","W1498339752"
"W4398255015","W1498339752"
"W4398256075","W1498339752"
"W4398256080","W1498339752"
"W4398256133","W1498339752"
"W4398500511","W1498339752"
"W4398508213","W1498339752"
"W4398511817","W1498339752"
"W4398766212","W2123295839"
"W4398766214","W2123295839"
"W4398766232","W2123295839"
"W4398766233","W2123295839"
"W4398775976","W2123295839"
"W4398776042","W2123295839"
"W4399094318","W2123295839"
"W4399094350","W2123295839"
"W4399094492","W2123295839"
"W4399094566","W2123295839"
"W4399383889","W2123295839"
"W4399703383","W2884459365"
"W4399895182","W1498339752"
"W4400020479","W2123295839"
"W4400129606","W1498339752"
"W4400300355","W1989435151"
"W4400300398","W1989435151"
"W4400300414","W1989435151"
"W4400300586","W1989435151"
"W4400300593","W1989435151"
"W4400300705","W1989435151"
"W4400300714","W1989435151"
"W4400300715","W1989435151"
"W4400300718","W1989435151"
"W4400300818","W1989435151"
"W4400300834","W1989435151"
"W4400949226","W2884459365"
"W4401351324","W1498339752"
"W4402404722","W1498339752"
"W4402405027","W1498339752"
"W4403055001","W2123295839"
"W4403202203","W2884459365"
"W4403461574","W2123295839"
"W4404051680","W2884459365"
"W4404120632","W2884459365"
"W4404120685","W2884459365"
"W4404196803","W2884459365"
"W4404558566","W2919820997"
"W4404704916","W1498339752"
"W4405212013","W1498339752"
"W4405669209","W2123295839"
"W4405782945","W2919820997"
"W4405984412","W2123295839"
"W4406034087","W1498339752"
"W4406195092","W2884459365"
"W4406248116","W1989435151"
"W4406433170","W1498339752"
"W4406433170","W2123295839"
"W4406776412","W2919820997"
"W4406776415","W2919820997"
"W4406776425","W2919820997"
"W4406776426","W2919820997"
"W4406776434","W2919820997"
"W4406776438","W2919820997"
"W4406776442","W2919820997"
"W4406776444","W2919820997"
"W4406776453","W2919820997"
"W4406776456","W2919820997"
"W4406776457","W2919820997"
"W4406776465","W2919820997"
"W4406776467","W2919820997"
"W4406776489","W2919820997"
"W4406862085","W2884459365"
"W4406943869","W2884459365"
"W4407153787","W2123295839"
"W4407592188","W2884459365"
"W4407690603","W2123295839"
"W4407879681","W1498339752"
"W4408066074","W2919820997"
"W4408385798","W2123295839"
"W4409051364","W2884459365"
"W4409112281","W1498339752"
"W4409112281","W2884459365"
"W4409260103","W2884459365"
"W4409704770","W2123295839"
"W4409889291","W2919820997"
"W4410093223","W2123295839"
"W4410415132","W2123295839"
"W4410787862","W1498339752"
"W4410811055","W1498339752"
"W4410811067","W1498339752"
"W4410811098","W1498339752"
"W4410811100","W1498339752"
"W4410811105","W1498339752"
"W4410811615","W1498339752"
"W4410812327","W1498339752"
"W4410812328","W1498339752"
"W4410812356","W1498339752"
"W4410812816","W1498339752"
"W4410812893","W1498339752"
"W4411036047","W2884459365"
"W4411286109","W2884459365"
"W4411373056","W1498339752"
"W4411373056","W2884459365"
"W4411449840","W1989435151"
"W4411936522","W2123295839"
"W4412148295","W1989435151"
"W4412158629","W2919820997"
"W4412430494","W2123295839"
"W4412671734","W1498339752"
"W4413279532","W2884459365"
"W4413318323","W2919820997"
"W4413535211","W2884459365"
"W4413535279","W2884459365"
"W4413535535","W2884459365"
"W4413535540","W2884459365"
"W4413535552","W2884459365"
"W4413535553","W2884459365"
"W4413535706","W2884459365"
"W4413535707","W2884459365"
"W4413535723","W2884459365"
"W4413535724","W2884459365"
"W4413535729","W2884459365"
"W4413535731","W2884459365"
"W4413535738","W2884459365"
"W4413535740","W2884459365"
"W4413535754","W2884459365"
"W4413536038","W2884459365"
"W4414462483","W2884459365"
"W4414546911","W2884459365"
"W4414637741","W2884459365"
"W4414727611","W2123295839"
"W4415017456","W2123295839"
"W4415421926","W2123295839"
"W4415458300","W2884459365"
"W4415646507","W2123295839"
"W4415828466","W2123295839"
"W4415830113","W2884459365"
"W4416054504","W2884459365"
"W4416116984","W2884459365"
"W4416134518","W2123295839"
"W4416211893","W2884459365"
"W4416276529","W1989435151"
"W4416603050","W1989435151"
"W4416705562","W2884459365"
"W4416838068","W2123295839"
"W4417017607","W2884459365"
"W4417017613","W2884459365"
"W4417017617","W2884459365"
"W4417017625","W2884459365"
"W4417017627","W2884459365"
"W4417017632","W2884459365"
"W4417017635","W2884459365"
"W4417017637","W2884459365"
"W4417325960","W2123295839"
"W4417331131","W2123295839"
"W4417331248","W2123295839"
"W4417402434","W2123295839"
"W4417440167","W2919820997"
"W617033484","W2123295839"
"W627719074","W2123295839"
"W636107448","W2123295839"
"W654022458","W2123295839"
"W7114916398","W1989435151"
"W7115167438","W2123295839"
"W7115168673","W2123295839"
"W7115171809","W2123295839"
"W7115174310","W2123295839"
"W7115179147","W2123295839"
"W7115181067","W2123295839"
"W7115182675","W2123295839"
"W7115185600","W2123295839"
"W7115193676","W2123295839"
"W7115196936","W2123295839"
"W7117654072","W2919820997"
"W7117984814","W2884459365"
"W7119012910","W1989435151"
"W7124828490","W2123295839"
"W7124832614","W2123295839"
"W7124834283","W2919820997"
"W7124834346","W2919820997"
"W7124906206","W2123295839"
"W7125186309","W2919820997"
"W7125455382","W1989435151"
"W7125455382","W2919820997"
"W7125480564","W2123295839"
"W7125516913","W2123295839"
"W7125591038","W2919820997"
"W7125653499","W2123295839"
"W7125709788","W2884459365"
"W7127169368","W2884459365"
"W7128591018","W2123295839"
"W7128776264","W2884459365"
"W7128796582","W2919820997"
"W7131065859","W2919820997"
"W7131130139","W2919820997"
"W7132825496","W2884459365"
"W7133320909","W2884459365"
"W7133737958","W2884459365"
"W7134829645","W2884459365"
"W7135058303","W2884459365"
"W7136111468","W2123295839"
"W7140119594","W2884459365"
"W7143537114","W2884459365"
"W7150100155","W2884459365"
"W7150823879","W2919820997"
"W7154583274","W2884459365"
"W7155189514","W2123295839"
"W7160109556","W2884459365"
"W7160597676","W2884459365"
"W7160597676","W2919820997"
"W7160703877","W2123295839"
"W7160850574","W2884459365"
"W7161127014","W2884459365"
"W7162119567","W2123295839"
"W7162408390","W2919820997"
"W74089996","W1498339752"
"W762046165","W1498339752"
"W768603756","W1498339752"
"W77297112","W1498339752"
"W784955788","W2123295839"
"W78964818","W1498339752"
"W802555312","W2123295839"
"W81743937","W1498339752"
"W81743937","W2123295839"
"W823713725","W1498339752"
"W8562664","W1498339752"
"W90838557","W1498339752"
"W955611471","W2123295839"
"W962209301","W1498339752"
"W989154156","W1498339752"
"W2123295839","W107730242"
"W2123295839","W225216842"
"W2123295839","W1484856269"
"W2123295839","W1515771701"
"W2123295839","W1580899010"
"W2123295839","W1974586660"
"W2123295839","W1977825494"
"W2123295839","W1977999485"
"W2123295839","W1980341167"
"W2123295839","W1983221152"
"W2123295839","W1986713131"
"W2123295839","W1992893029"
"W2123295839","W2005820517"
"W2123295839","W2016465172"
"W2123295839","W2020917353"
"W2123295839","W2023543516"
"W2123295839","W2029273250"
"W2123295839","W2030398623"
"W2123295839","W2031651039"
"W2123295839","W2038685504"
"W2123295839","W2045194028"
"W2123295839","W2048613496"
"W2123295839","W2052104221"
"W2123295839","W2071946043"
"W2123295839","W2081711153"
"W2123295839","W2102470010"
"W2123295839","W2111247447"
"W2123295839","W2129912544"
"W2123295839","W2138071376"
"W2123295839","W2154573574"
"W2123295839","W2157979842"
"W2123295839","W2168239073"
"W2123295839","W2321240393"
"W2123295839","W2321659091"
"W2123295839","W2324427833"
"W2123295839","W2324963382"
"W2123295839","W2327161626"
"W2123295839","W2328216903"
"W2123295839","W2329648039"
"W2123295839","W2329719436"
"W2123295839","W2488973111"
"W2123295839","W2505718944"
"W2123295839","W3138417305"
"W1989435151","W89032807"
"W1989435151","W155333162"
"W1989435151","W344666772"
"W1989435151","W577661416"
"W1989435151","W603131179"
"W1989435151","W614917022"
"W1989435151","W1267125192"
"W1989435151","W1515250898"
"W1989435151","W1543446303"
"W1989435151","W1547177775"
"W1989435151","W1550602253"
"W1989435151","W1559198035"
"W1989435151","W1586508260"
"W1989435151","W1594936623"
"W1989435151","W1965318561"
"W1989435151","W1967968635"
"W1989435151","W1969935419"
"W1989435151","W1973659414"
"W1989435151","W1978269982"
"W1989435151","W1986080735"
"W1989435151","W1990262832"
"W1989435151","W1993675391"
"W1989435151","W1999096165"
"W1989435151","W2000346613"
"W1989435151","W2003637195"
"W1989435151","W2015904925"
"W1989435151","W2023543205"
"W1989435151","W2038563845"
"W1989435151","W2040885335"
"W1989435151","W2052149842"
"W1989435151","W2058072630"
"W1989435151","W2058471900"
"W1989435151","W2061971606"
"W1989435151","W2062411881"
"W1989435151","W2077254919"
"W1989435151","W2086084109"
"W1989435151","W2101120271"
"W1989435151","W2105013978"
"W1989435151","W2107508978"
"W1989435151","W2108331388"
"W1989435151","W2113074601"
"W1989435151","W2133718021"
"W1989435151","W2140523114"
"W1989435151","W2140930388"
"W1989435151","W2154753769"
"W1989435151","W2163657079"
"W1989435151","W2169163541"
"W1989435151","W2171638868"
"W1989435151","W2314718606"
"W1989435151","W2323559986"
"W1989435151","W2326917780"
"W1989435151","W2329648039"
"W1989435151","W2330187891"
"W1989435151","W2332878501"
"W1989435151","W2486151938"
"W1989435151","W2487130496"
"W1989435151","W2495377115"
"W1989435151","W2798572278"
"W1989435151","W2999123786"
"W1989435151","W4206594964"
"W1989435151","W4237864467"
"W1989435151","W4298050500"
"W1989435151","W4299406230"
"W1989435151","W4299672213"
"W1989435151","W4300555925"
"W1989435151","W4388323869"
"W1989435151","W4388324144"
"W1989435151","W4403065121"
"W2919820997","W613492008"
"W2919820997","W656577657"
"W2919820997","W1506380772"
"W2919820997","W1526982964"
"W2919820997","W1585088222"
"W2919820997","W1806663668"
"W2919820997","W1818905521"
"W2919820997","W1894064702"
"W2919820997","W1910264740"
"W2919820997","W1911257304"
"W2919820997","W1962095932"
"W2919820997","W1966977689"
"W2919820997","W1968327343"
"W2919820997","W1976214394"
"W2919820997","W1981357072"
"W2919820997","W1998145834"
"W2919820997","W1999109165"
"W2919820997","W2007570259"
"W2919820997","W2012219897"
"W2919820997","W2016880001"
"W2919820997","W2024721187"
"W2919820997","W2027315681"
"W2919820997","W2035587687"
"W2919820997","W2045318453"
"W2919820997","W2078194049"
"W2919820997","W2079694060"
"W2919820997","W2083199857"
"W2919820997","W2083349392"
"W2919820997","W2085464487"
"W2919820997","W2087360040"
"W2919820997","W2092298252"
"W2919820997","W2095421991"
"W2919820997","W2103146267"
"W2919820997","W2108038362"
"W2919820997","W2108167139"
"W2919820997","W2114174882"
"W2919820997","W2114341457"
"W2919820997","W2116187624"
"W2919820997","W2121441023"
"W2919820997","W2127550467"
"W2919820997","W2127664981"
"W2919820997","W2128096974"
"W2919820997","W2128253943"
"W2919820997","W2143859333"
"W2919820997","W2144552774"
"W2919820997","W2145427077"
"W2919820997","W2145869153"
"W2919820997","W2148782280"
"W2919820997","W2150796138"
"W2919820997","W2154862029"
"W2919820997","W2157829513"
"W2919820997","W2161880778"
"W2919820997","W2319951792"
"W2919820997","W2329103711"
"W2919820997","W2423671233"
"W2919820997","W2487130496"
"W2919820997","W2521635239"
"W2919820997","W2575707019"
"W2919820997","W3121406236"
"W2919820997","W3125554979"
"W2919820997","W4230685638"
"W2919820997","W4243362262"
"W2919820997","W4246440837"
"W2919820997","W4250264946"
"W2919820997","W4251366449"
"W2919820997","W4298050500"
"W2919820997","W4299448508"
"W2919820997","W4300132280"
"W2919820997","W4388323869"
"W2919820997","W4388324144"
